1. Alex Turner - alex.turner@examplemail.com
2. Jamie Wells - jamie.wells@fakemail.net
3. Casey Morgan - casey.morgan@myemail.org
4. Jordan Lee - jordan.lee@webmail.com
5. Taylor Brooks - taylor.brooks@freepost.net
6. Morgan Price - morgan.price@inboxnow.com
7. Reese Howard - reese.howard@fastmail.co
8. Avery Collins - avery.collins@easymail.io
9. Riley Quinn - riley.quinn@digitalpost.org
10. Sydney Harper - sydney.harper@virtualmail.net
11. Hayden Bell - hayden.bell@mymailbox.io
12. Parker Reid - parker.reid@journeyemail.com
13. Dakota Lane - dakota.lane@simplemail.co
14. Cameron Blake - cameron.blake@netconnect.io
15. Drew Bennett - drew.bennett@quickmail.org
16. Jessie Clarke - jessie.clarke@openinbox.org
17. Kendall Ford - kendall.ford@universemail.com
18. Logan Shaw - logan.shaw@breezemail.net
19. Spenser Hart - spenser.hart@speedymail.co
20. Sawyer Knight - sawyer.knight@neomail.io
21. Skyler Frost - skyler.frost@securepost.org
22. Quinn Tanner - quinn.tanner@nextgenmail.net
23. Harper Banks - harper.banks@brightmail.co
24. Emerson West - emerson.west@primeinbox.io
25. Finley Hayes - finley.hayes@mercuremail.org
26. Rowan Hunt - rowan.hunt@descartesmail.com
27. Payton Drew - payton.drew@mailomatic.net
28. Blair Casey - blair.casey@modmail.co
29. Taylor Finch - taylor.finch@newwave.org
30. Reagan Greene - reagan.greene@ovomial.com
31. Harper Sloan - harper.sloan@astrobox.net
32. Alex Kim - alex.kim@stellarpost.com
33. Charlie Lane - charlie.lane@cyberemail.io
34. Jesse Noble - jesse.noble@freshmail.co
35. Loxley Cross - loxley.cross@swiftpost.org
36. Cameron Tyler - cameron.tyler@megainbox.net
37. Rory Dean - rory.dean@zeroemail.co
38. Casey Vale - casey.vale@interwebmail.org
39. Dylan Fox - dylan.fox@lightmail.net
40. Taylor Starr - taylor.starr@nodemailer.io
41. Marlowe Wren - marlowe.wren@quantuminbox.com
42. Peyton Gray - peyton.gray@wisepost.org
43. Jesse Brooks - jesse.brooks@expeditemail.net
44. Remy Sage - remy.sage@flatbox.com
45. Riley Devon - riley.devon@nuemail.co
46. Sage Riley - sage.riley@rocketmail.org
47. Ashton Blake - ashton.blake@zippyinbox.net
48. Kieran Walsh - kieran.walsh@brightmail.io
49. Bailey Swan - bailey.swan@insightbox.com
50. Rowan Tate - rowan.tate@leadermail.net
