id,first_name,last_name,title,salary,national_id,joined
1,Manny,Copping,mcopping0@cpanel.net,$10000.00,779692711,2025-03-13 05:00:55
2,Norby,De L'Isle,ndelisle1@irs.gov,$10000.00,820687115,2024-09-04 17:51:41
3,Harv,Mochan,hmochan2@elegantthemes.com,$10000.00,982444497,2024-03-07 21:33:00
4,Baillie,Dairton,bdairton3@state.tx.us,$10000.00,689325918,2025-02-22 17:43:49
5,Florri,Andrews,fandrews4@behance.net,$10000.00,128479655,2024-10-16 17:32:17
6,Silvester,Behnen,sbehnen5@reference.com,$10000.00,934894421,2025-01-25 21:43:11
7,Olwen,Bozward,obozward6@craigslist.org,$10000.00,168570045,2024-03-03 09:54:30
8,Stephanus,Bengtsen,sbengtsen7@google.pl,$10000.00,718840998,2024-11-30 10:49:56
9,Wendell,Hulland,whulland8@dedecms.com,$10000.00,444275061,2024-02-03 15:07:47
10,Nickolai,Dugdale,ndugdale9@comcast.net,$10000.00,498936315,2024-01-17 23:12:30
11,Joela,Dorey,jdoreya@ed.gov,$10000.00,418256451,2025-05-11 17:34:48
12,Perle,Wogan,pwoganb@last.fm,$10000.00,785635526,2024-07-13 14:44:36
13,Nicol,Rundall,nrundallc@salon.com,$10000.00,557425756,2024-10-12 00:15:32
14,Scotti,Curgenven,scurgenvend@blogtalkradio.com,$10000.00,063117745,2024-08-11 22:29:34
15,Shepperd,Cone,sconee@mozilla.com,$10000.00,515399017,2024-11-26 08:37:50
16,Wilton,Sawkin,wsawkinf@examiner.com,$10000.00,303522987,2024-12-01 11:43:54
17,Marget,Negal,mnegalg@berkeley.edu,$10000.00,190842066,2024-07-15 11:21:23
18,Markus,Gudgen,mgudgenh@biglobe.ne.jp,$10000.00,142056719,2024-03-20 13:27:16
19,Netty,Perree,nperreei@fastcompany.com,$10000.00,457254322,2024-04-17 07:02:48
20,Johan,McGilleghole,jmcgillegholej@ebay.com,$10000.00,598927137,2024-05-11 12:07:05
21,Lynett,Gillio,lgilliok@mozilla.com,$10000.00,709880174,2024-11-27 05:01:26
22,Arabella,Haskew,ahaskewl@goo.gl,$10000.00,101347533,2025-01-08 11:07:58
23,Winne,Hunting,whuntingm@jugem.jp,$10000.00,501795033,2024-09-20 17:45:40
24,Phylys,Giraldo,pgiraldon@merriam-webster.com,$10000.00,409095643,2024-11-12 22:31:43
25,Hobard,Voyce,hvoyceo@telegraph.co.uk,$10000.00,506753816,2025-04-19 14:22:17
26,Ricoriki,Weldrake,rweldrakep@netvibes.com,$10000.00,126307203,2024-04-06 00:38:40
27,Eolande,Impleton,eimpletonq@slideshare.net,$10000.00,269968940,2024-10-14 00:22:02
28,Lem,Grzegorzewski,lgrzegorzewskir@un.org,$10000.00,238223803,2025-04-17 09:47:23
29,Annmarie,Hackin,ahackins@un.org,$10000.00,107958146,2024-07-10 16:22:44
30,Teena,Loakes,tloakest@pcworld.com,$10000.00,161124362,2025-04-03 19:22:07
31,Sibylla,Jalland,sjallandu@time.com,$10000.00,329933718,2024-10-14 03:12:45
32,Norine,Brocks,nbrocksv@thetimes.co.uk,$10000.00,210971263,2025-03-21 02:37:54
33,Penny,Jertz,pjertzw@posterous.com,$10000.00,948065731,2024-11-05 22:40:29
34,Rick,Harries,rharriesx@shareasale.com,$10000.00,631041057,2024-07-21 13:42:33
35,Lindsey,Ankrett,lankretty@jigsy.com,$10000.00,755970807,2024-02-04 09:34:13
36,Hamilton,Cinelli,hcinelliz@shutterfly.com,$10000.00,208727047,2024-04-01 03:05:21
37,Symon,Wollrauch,swollrauch10@biblegateway.com,$10000.00,066781460,2025-04-06 10:35:38
38,Nancie,Kipping,nkipping11@economist.com,$10000.00,452593010,2025-05-11 09:41:19
39,Corabel,Tideswell,ctideswell12@people.com.cn,$10000.00,837902451,2025-04-22 07:07:37
40,Margalo,O'Cannovane,mocannovane13@auda.org.au,$10000.00,338934572,2025-04-22 18:54:49
41,Shanon,Capineer,scapineer14@senate.gov,$10000.00,386930818,2025-01-26 19:18:22
42,Jerrie,Pearle,jpearle15@google.de,$10000.00,498794596,2024-09-22 09:38:59
43,Carma,Duddell,cduddell16@csmonitor.com,$10000.00,319859564,2024-03-05 14:11:51
44,Boothe,Smallcombe,bsmallcombe17@arstechnica.com,$10000.00,593874033,2025-03-28 14:13:46
45,Radcliffe,Deniset,rdeniset18@ebay.co.uk,$10000.00,271603198,2025-01-25 01:25:01
46,Rosalia,Koeppe,rkoeppe19@blinklist.com,$10000.00,198484561,2025-03-17 00:17:00
47,Arlana,Wileman,awileman1a@noaa.gov,$10000.00,138491570,2025-02-15 01:49:52
48,Arleen,Kop,akop1b@blogtalkradio.com,$10000.00,645526027,2025-01-02 03:08:11
49,Rhianna,Adamek,radamek1c@indiatimes.com,$10000.00,839182223,2024-07-25 12:47:11
50,Ettie,Woodison,ewoodison1d@theglobeandmail.com,$10000.00,110100616,2024-04-21 17:50:25
51,Saundra,Daniely,sdaniely1e@cocolog-nifty.com,$10000.00,809763808,2024-08-09 15:25:34
52,Isaiah,Jakaway,ijakaway1f@vimeo.com,$10000.00,740688282,2024-07-13 19:43:25
53,Gary,Ronnay,gronnay1g@weather.com,$10000.00,813698689,2025-01-13 23:22:19
54,Derk,Cristofolo,dcristofolo1h@alexa.com,$10000.00,977576096,2024-09-10 08:25:05
55,Jaquenetta,Macallam,jmacallam1i@people.com.cn,$10000.00,803935308,2024-08-06 10:02:57
56,Kendrick,Heinecke,kheinecke1j@noaa.gov,$10000.00,852827396,2024-12-26 19:13:58
57,Jonathan,Stienham,jstienham1k@bing.com,$10000.00,554033073,2024-07-19 05:01:19
58,Regan,Overshott,rovershott1l@amazon.de,$10000.00,654675400,2025-01-19 14:26:55
59,Cthrine,McLae,cmclae1m@usgs.gov,$10000.00,489869579,2024-07-11 10:04:30
60,Dorolisa,Woolvett,dwoolvett1n@google.cn,$10000.00,507720915,2024-11-23 19:10:02
61,Napoleon,McPeice,nmcpeice1o@imdb.com,$10000.00,575177901,2024-08-05 10:40:37
62,Geoff,Blowfelde,gblowfelde1p@cornell.edu,$10000.00,121838990,2024-12-15 03:36:52
63,Robert,Bartalot,rbartalot1q@desdev.cn,$10000.00,475923999,2024-01-01 13:17:28
64,Norrie,Scotson,nscotson1r@wiley.com,$10000.00,817291598,2024-05-07 18:27:37
65,Jarrod,Mowles,jmowles1s@google.co.jp,$10000.00,649310902,2024-03-11 03:25:12
66,Emmy,Brosch,ebrosch1t@yahoo.com,$10000.00,821924982,2024-02-24 03:44:17
67,Kessiah,Seiler,kseiler1u@spiegel.de,$10000.00,451135889,2025-04-30 07:41:53
68,Sinclair,Hubbucks,shubbucks1v@cisco.com,$10000.00,907161559,2024-01-06 12:33:50
69,Addie,Ratchford,aratchford1w@cdbaby.com,$10000.00,923350506,2024-07-04 14:20:11
70,Josefina,Martine,jmartine1x@chronoengine.com,$10000.00,539720693,2024-05-30 10:33:34
71,Hadrian,Darwood,hdarwood1y@paypal.com,$10000.00,498817922,2025-03-19 23:26:35
72,Ree,Schiementz,rschiementz1z@w3.org,$10000.00,503166784,2024-01-16 01:55:17
73,Luca,Ochiltree,lochiltree20@huffingtonpost.com,$10000.00,694569972,2024-06-25 03:44:34
74,Duane,Ixer,dixer21@thetimes.co.uk,$10000.00,073394581,2025-01-15 04:42:40
75,Erwin,Sherry,esherry22@shutterfly.com,$10000.00,304778940,2025-04-21 00:31:00
76,Fancie,Sharple,fsharple23@shutterfly.com,$10000.00,772395507,2024-01-02 05:41:30
77,Madelon,Attlee,mattlee24@google.cn,$10000.00,739931918,2024-10-09 17:13:12
78,Tristan,Banger,tbanger25@sohu.com,$10000.00,083126132,2024-10-03 08:52:37
79,Margaretha,Garriock,mgarriock26@meetup.com,$10000.00,976706490,2025-01-07 07:07:26
80,Yancy,Golland,ygolland27@netlog.com,$10000.00,460831009,2025-03-24 17:49:06
81,Linnet,O'Farrell,lofarrell28@dmoz.org,$10000.00,022728119,2024-02-01 22:13:35
82,Ki,Gutsell,kgutsell29@goo.gl,$10000.00,662684276,2024-05-10 10:33:20
83,Kara-lynn,Kalewe,kkalewe2a@va.gov,$10000.00,735690538,2024-11-01 18:01:24
84,Marika,Glabach,mglabach2b@disqus.com,$10000.00,906922999,2024-06-12 15:09:50
85,Birch,Kubasiewicz,bkubasiewicz2c@oracle.com,$10000.00,203766011,2024-06-08 04:31:38
86,Cortney,Bog,cbog2d@virginia.edu,$10000.00,634910692,2024-04-10 04:00:40
87,Lani,Bradford,lbradford2e@dmoz.org,$10000.00,577814451,2024-02-29 03:16:23
88,Ashien,Tothe,atothe2f@cbslocal.com,$10000.00,206456624,2024-04-24 11:26:51
89,Algernon,Toogood,atoogood2g@altervista.org,$10000.00,303400478,2024-12-30 19:19:58
90,Pam,Klimontovich,pklimontovich2h@weibo.com,$10000.00,484489340,2024-07-23 23:17:50
91,Nanon,Ennals,nennals2i@marketwatch.com,$10000.00,450580045,2024-06-10 07:22:26
92,Gerrilee,Merriton,gmerriton2j@weebly.com,$10000.00,292904522,2024-09-29 22:41:22
93,Leonore,Cousin,lcousin2k@hhs.gov,$10000.00,750877274,2024-11-15 12:52:53
94,Daryl,O'Gormally,dogormally2l@europa.eu,$10000.00,053290038,2024-08-20 05:57:57
95,August,McKeag,amckeag2m@ucoz.com,$10000.00,432603006,2024-05-01 13:08:04
96,Alexandro,Altofts,aaltofts2n@infoseek.co.jp,$10000.00,722906627,2024-08-10 00:22:20
97,Kanya,Got,kgot2o@xinhuanet.com,$10000.00,072752217,2024-01-19 02:15:35
98,Giorgio,Balser,gbalser2p@amazon.de,$10000.00,091170035,2025-01-20 10:47:59
99,Marcy,Jertz,mjertz2q@omniture.com,$10000.00,763967555,2024-02-23 11:37:33
100,Ethyl,Snary,esnary2r@skype.com,$10000.00,537620856,2025-01-06 11:49:03
101,Stanwood,Postance,spostance2s@wufoo.com,$10000.00,526720691,2024-08-17 09:37:08
102,Clevie,Howden,chowden2t@indiatimes.com,$10000.00,958346963,2024-01-25 12:19:26
103,Scarface,Trawin,strawin2u@typepad.com,$10000.00,441660534,2024-08-12 09:04:29
104,Hanny,Twort,htwort2v@reference.com,$10000.00,047145757,2024-07-22 22:43:32
105,Charmine,Crolly,ccrolly2w@opensource.org,$10000.00,750981140,2024-12-22 21:04:21
106,Lindy,Asmus,lasmus2x@simplemachines.org,$10000.00,427187044,2024-08-29 04:30:50
107,Marj,Eddy,meddy2y@newsvine.com,$10000.00,401321050,2025-04-05 13:01:17
108,Harvey,Larrosa,hlarrosa2z@geocities.com,$10000.00,292295729,2024-07-27 01:32:00
109,Orv,Tully,otully30@theguardian.com,$10000.00,415705461,2024-01-08 00:19:33
110,Carny,Davenell,cdavenell31@whitehouse.gov,$10000.00,434810970,2024-02-06 09:19:23
111,Henri,Siddon,hsiddon32@ocn.ne.jp,$10000.00,591317268,2024-04-22 16:08:33
112,Beltran,Pridham,bpridham33@ca.gov,$10000.00,440195630,2024-10-18 07:41:29
113,Blinni,Kuna,bkuna34@arstechnica.com,$10000.00,308248092,2024-01-09 16:24:34
114,Gene,Ryan,gryan35@uol.com.br,$10000.00,296007419,2024-01-13 21:10:45
115,Tallulah,Pankhurst.,tpankhurst36@cbsnews.com,$10000.00,159646797,2024-08-10 17:55:49
116,Cayla,Boyack,cboyack37@squarespace.com,$10000.00,437687653,2024-03-09 16:41:01
117,Jamey,Banbrick,jbanbrick38@privacy.gov.au,$10000.00,359259926,2025-01-06 15:28:19
118,Truda,Banbrigge,tbanbrigge39@scribd.com,$10000.00,687769245,2024-10-18 21:49:42
119,Cissiee,Gammett,cgammett3a@google.com.br,$10000.00,675634623,2024-03-01 10:16:14
120,Nanette,Opfer,nopfer3b@lycos.com,$10000.00,545424075,2024-10-05 09:40:49
121,Mable,Tidder,mtidder3c@ca.gov,$10000.00,674565235,2024-07-07 21:15:08
122,Gene,Davids,gdavids3d@hp.com,$10000.00,095768510,2024-06-20 19:33:36
123,Corbett,Chattock,cchattock3e@pen.io,$10000.00,103991082,2025-02-13 06:27:04
124,Spike,Byford,sbyford3f@goodreads.com,$10000.00,188035619,2025-03-26 09:46:06
125,Kane,Blodg,kblodg3g@spotify.com,$10000.00,453260764,2024-10-22 17:48:57
126,Wang,Scopes,wscopes3h@netvibes.com,$10000.00,140860025,2024-04-07 11:14:58
127,Erinna,Ingilson,eingilson3i@mayoclinic.com,$10000.00,892193433,2024-10-23 01:12:44
128,Margie,Pimmocke,mpimmocke3j@stumbleupon.com,$10000.00,610222564,2024-11-20 21:08:33
129,Aleda,MacColl,amaccoll3k@imdb.com,$10000.00,204054192,2024-10-28 03:56:57
130,Filberte,Redholes,fredholes3l@cnet.com,$10000.00,278630942,2024-05-10 04:41:57
131,Lucita,Zannetti,lzannetti3m@wikia.com,$10000.00,001225937,2025-02-20 07:27:08
132,Welch,Dixon,wdixon3n@disqus.com,$10000.00,501924771,2024-01-13 11:26:13
133,Verile,Philippou,vphilippou3o@yellowpages.com,$10000.00,196535609,2025-01-14 08:50:37
134,Hastie,Smurfitt,hsmurfitt3p@vinaora.com,$10000.00,551558824,2024-04-23 21:39:24
135,Merilyn,Rendle,mrendle3q@jalbum.net,$10000.00,831528263,2025-04-24 04:34:42
136,Ermengarde,Trevenu,etrevenu3r@ucoz.ru,$10000.00,823628057,2025-03-04 21:31:46
137,Tiphani,Spargo,tspargo3s@ustream.tv,$10000.00,593236579,2024-04-06 00:48:04
138,Fraser,Wilfinger,fwilfinger3t@chronoengine.com,$10000.00,440560574,2024-01-27 01:56:35
139,Brunhilde,Somerlie,bsomerlie3u@imdb.com,$10000.00,005608356,2024-05-12 05:33:37
140,Burch,Praundlin,bpraundlin3v@paypal.com,$10000.00,348652253,2024-10-25 15:05:55
141,Jo,Gredden,jgredden3w@cnet.com,$10000.00,522887665,2024-06-29 21:01:10
142,Kasper,Longstaff,klongstaff3x@forbes.com,$10000.00,138034464,2024-05-02 08:02:51
143,Merna,Dossett,mdossett3y@cloudflare.com,$10000.00,641326899,2024-04-13 09:45:03
144,Dyane,Williment,dwilliment3z@mlb.com,$10000.00,191497481,2024-05-25 06:41:49
145,Cindy,Greenhough,cgreenhough40@eventbrite.com,$10000.00,781013916,2024-02-02 09:42:15
146,Rozalie,Seldner,rseldner41@chronoengine.com,$10000.00,378272888,2024-03-26 03:00:00
147,Silvano,Lamp,slamp42@imageshack.us,$10000.00,944681001,2025-02-11 12:45:19
148,Mano,Wrixon,mwrixon43@furl.net,$10000.00,595181027,2025-04-17 00:59:55
149,Nerty,Snazel,nsnazel44@bloglovin.com,$10000.00,781148339,2025-04-30 20:58:16
150,Franky,Sullens,fsullens45@de.vu,$10000.00,496714764,2025-04-13 08:48:40
151,Terri,Grunder,tgrunder46@ask.com,$10000.00,371959460,2024-11-18 21:59:23
152,Hailee,Ohm,hohm47@blogs.com,$10000.00,144136205,2024-11-14 00:37:51
153,Guenevere,Arnowitz,garnowitz48@a8.net,$10000.00,365557148,2024-02-16 08:39:05
154,Carilyn,Di Biagi,cdibiagi49@comcast.net,$10000.00,053493425,2024-06-15 23:58:17
155,Nelle,Hemphill,nhemphill4a@census.gov,$10000.00,125826358,2025-05-18 23:51:34
156,Caprice,Kirsch,ckirsch4b@ehow.com,$10000.00,537223690,2024-11-26 13:29:00
157,Belva,Plet,bplet4c@fotki.com,$10000.00,741357329,2025-01-03 22:47:59
158,Annalise,Lamburne,alamburne4d@elegantthemes.com,$10000.00,312461890,2025-01-15 07:43:48
159,Josefina,Tucknott,jtucknott4e@dedecms.com,$10000.00,035531484,2024-12-20 17:16:02
160,Gabriell,Kemm,gkemm4f@sphinn.com,$10000.00,160307836,2024-04-10 10:57:42
161,Fidela,Kinze,fkinze4g@who.int,$10000.00,525122802,2025-03-11 23:45:44
162,Maximilien,Kelloch,mkelloch4h@home.pl,$10000.00,678561878,2024-02-05 15:30:52
163,Harrie,Wegman,hwegman4i@homestead.com,$10000.00,457982428,2024-07-31 20:58:18
164,Valenka,Belsey,vbelsey4j@barnesandnoble.com,$10000.00,372910110,2025-01-05 12:10:14
165,Kimble,Sussems,ksussems4k@yale.edu,$10000.00,464118048,2024-01-11 11:17:40
166,Emera,Columbell,ecolumbell4l@eepurl.com,$10000.00,266792366,2024-09-23 08:23:38
167,Paloma,Snaden,psnaden4m@meetup.com,$10000.00,197842433,2025-04-06 08:32:35
168,Abigail,Stukings,astukings4n@home.pl,$10000.00,357754228,2025-05-21 04:29:45
169,Sharron,Jaegar,sjaegar4o@fastcompany.com,$10000.00,338431392,2025-05-04 12:14:03
170,Shellysheldon,Scimone,sscimone4p@ifeng.com,$10000.00,844868231,2024-12-24 05:27:02
171,Rosmunda,Mordan,rmordan4q@ask.com,$10000.00,787424313,2024-07-16 02:11:05
172,Lib,O'Reagan,loreagan4r@ucla.edu,$10000.00,202302075,2025-05-01 23:53:20
173,Meta,Deetch,mdeetch4s@shinystat.com,$10000.00,926369669,2025-04-14 17:01:49
174,Aurlie,Shirt,ashirt4t@hatena.ne.jp,$10000.00,238999031,2024-09-30 00:29:52
175,Prince,Oldaker,poldaker4u@weather.com,$10000.00,406895696,2024-02-10 01:04:40
176,Chrotoem,Bugler,cbugler4v@printfriendly.com,$10000.00,862717133,2024-12-20 19:05:00
177,Cleveland,Gimson,cgimson4w@ted.com,$10000.00,249573929,2024-05-28 18:20:42
178,Arlinda,Jantel,ajantel4x@latimes.com,$10000.00,585703112,2024-03-25 12:50:15
179,Wendall,January 1st,wjanuaryst4y@cisco.com,$10000.00,283823464,2024-04-10 22:22:47
180,Jyoti,Sheldon,jsheldon4z@webeden.co.uk,$10000.00,273908745,2024-11-10 22:01:59
181,Odella,Monkhouse,omonkhouse50@ibm.com,$10000.00,471988503,2024-05-11 11:53:49
182,Barthel,Wain,bwain51@google.co.uk,$10000.00,679986876,2024-11-25 08:19:12
183,Keenan,Stockwell,kstockwell52@mashable.com,$10000.00,314139793,2024-12-22 02:22:48
184,Dulcine,Gircke,dgircke53@de.vu,$10000.00,399931800,2025-01-09 14:19:37
185,Bjorn,Connechy,bconnechy54@ucoz.ru,$10000.00,790787205,2024-10-16 05:25:59
186,Radcliffe,De Bernardi,rdebernardi55@wordpress.org,$10000.00,072002976,2024-01-18 23:29:48
187,Sandra,Lambole,slambole56@networkadvertising.org,$10000.00,523936395,2024-08-10 14:03:10
188,Bertie,Klimentov,bklimentov57@shutterfly.com,$10000.00,731999051,2024-11-22 18:01:22
189,Carmelita,Overstall,coverstall58@dmoz.org,$10000.00,486919754,2024-02-03 23:58:55
190,Uta,Culmer,uculmer59@amazon.co.jp,$10000.00,434756972,2024-07-09 04:17:21
191,Emmerich,Peagrim,epeagrim5a@nbcnews.com,$10000.00,612242659,2024-03-21 12:01:10
192,Godfry,Tarling,gtarling5b@princeton.edu,$10000.00,734176355,2025-05-23 02:53:19
193,Chariot,Mintram,cmintram5c@si.edu,$10000.00,361868249,2024-11-20 03:10:01
194,Pail,Fannin,pfannin5d@businessweek.com,$10000.00,899627011,2024-02-19 19:36:23
195,Rossy,Androletti,randroletti5e@redcross.org,$10000.00,514565300,2024-06-01 18:24:52
196,Grady,Feaviour,gfeaviour5f@ted.com,$10000.00,302372893,2025-01-01 21:45:00
197,Celestyna,Ault,cault5g@sourceforge.net,$10000.00,738314865,2025-01-31 07:17:00
198,Freddi,Crathorne,fcrathorne5h@ebay.co.uk,$10000.00,030205614,2024-11-11 17:00:20
199,Elisabet,Arrighi,earrighi5i@jalbum.net,$10000.00,842749082,2025-05-20 20:52:46
200,Willetta,Hurrion,whurrion5j@google.cn,$10000.00,702386037,2024-07-05 21:15:53
201,Colet,Bryden,cbryden5k@etsy.com,$10000.00,067044876,2024-05-30 21:39:28
202,Tristam,Ryle,tryle5l@bravesites.com,$10000.00,757411344,2025-02-25 06:11:31
203,Esmeralda,Silverthorn,esilverthorn5m@multiply.com,$10000.00,261376845,2024-01-05 03:19:43
204,Zared,Quantrell,zquantrell5n@live.com,$10000.00,654269095,2025-05-05 10:16:39
205,Abba,Botterell,abotterell5o@surveymonkey.com,$10000.00,836193610,2024-08-08 09:52:55
206,Zed,Daoust,zdaoust5p@edublogs.org,$10000.00,556155990,2025-03-11 18:21:03
207,Aleece,Tineman,atineman5q@ustream.tv,$10000.00,857756737,2025-03-22 18:19:27
208,Elnora,Notman,enotman5r@state.gov,$10000.00,406910073,2025-05-19 09:10:49
209,Jillayne,Christophle,jchristophle5s@vinaora.com,$10000.00,960131136,2024-07-03 08:49:05
210,Anderson,Paeckmeyer,apaeckmeyer5t@imdb.com,$10000.00,540851349,2024-01-16 16:36:25
211,Prisca,Trent,ptrent5u@bbc.co.uk,$10000.00,963132138,2024-08-19 15:34:01
212,Tait,Zannini,tzannini5v@elegantthemes.com,$10000.00,231194952,2024-05-28 20:18:39
213,Silvan,D'Acth,sdacth5w@elpais.com,$10000.00,483708394,2024-12-17 06:49:36
214,Clare,Darlow,cdarlow5x@google.com.au,$10000.00,650888848,2024-05-14 21:52:24
215,Cullen,Harp,charp5y@shinystat.com,$10000.00,114959358,2025-03-28 14:16:55
216,Skipp,Winsiowiecki,swinsiowiecki5z@uol.com.br,$10000.00,360373115,2024-01-08 18:27:39
217,Gearard,Vahey,gvahey60@prnewswire.com,$10000.00,721018049,2025-04-18 15:18:04
218,Henriette,Thomasset,hthomasset61@sogou.com,$10000.00,376723354,2024-12-12 23:59:43
219,Goldina,Howlin,ghowlin62@tinyurl.com,$10000.00,879766725,2024-03-06 20:40:04
220,Merola,Chown,mchown63@businessweek.com,$10000.00,049466779,2024-09-07 10:39:47
221,Lefty,Gentle,lgentle64@hibu.com,$10000.00,031361847,2024-02-06 09:20:26
222,Archie,Jessope,ajessope65@springer.com,$10000.00,555325908,2024-08-03 13:56:46
223,Mel,Bayles,mbayles66@blogtalkradio.com,$10000.00,564919175,2024-03-15 00:10:49
224,Karolina,Bims,kbims67@1und1.de,$10000.00,989620436,2024-02-13 05:31:49
225,Lorenza,Bazek,lbazek68@huffingtonpost.com,$10000.00,355826543,2025-04-06 21:21:14
226,Pris,Rapport,prapport69@qq.com,$10000.00,816053970,2024-04-08 19:07:07
227,Kimmi,Mitton,kmitton6a@php.net,$10000.00,785805446,2024-12-05 15:37:33
228,Geno,Faussett,gfaussett6b@hugedomains.com,$10000.00,739220751,2025-01-13 06:54:27
229,Hyacintha,Allicock,hallicock6c@latimes.com,$10000.00,723728318,2025-04-03 19:38:57
230,Mortie,Slemmonds,mslemmonds6d@washington.edu,$10000.00,153580580,2025-03-04 02:42:22
231,Basil,Curm,bcurm6e@state.tx.us,$10000.00,471420180,2024-12-06 12:29:45
232,Bruis,Paskin,bpaskin6f@house.gov,$10000.00,158068214,2024-04-11 17:52:28
233,Ave,Puckinghorne,apuckinghorne6g@bravesites.com,$10000.00,608447958,2025-01-15 14:15:58
234,Deina,Adelsberg,dadelsberg6h@ucla.edu,$10000.00,352269816,2024-02-26 12:40:12
235,Antonius,Cockrell,acockrell6i@twitter.com,$10000.00,255364677,2025-04-06 07:49:31
236,Randolf,Billows,rbillows6j@bravesites.com,$10000.00,363618469,2024-06-29 14:56:04
237,Booth,Noone,bnoone6k@weibo.com,$10000.00,668355214,2025-05-11 23:02:35
238,Michaeline,Lambden,mlambden6l@privacy.gov.au,$10000.00,771181358,2025-01-14 21:58:00
239,Marty,Orlton,morlton6m@woothemes.com,$10000.00,440848375,2024-04-13 07:34:50
240,Baron,Sivyer,bsivyer6n@seattletimes.com,$10000.00,865677292,2025-03-01 08:10:17
241,Delano,Letford,dletford6o@google.co.jp,$10000.00,029389496,2024-08-11 08:59:51
242,Rosa,Luker,rluker6p@jigsy.com,$10000.00,828636555,2024-03-07 15:24:51
243,Lori,Spurrett,lspurrett6q@liveinternet.ru,$10000.00,319704997,2025-04-17 07:17:54
244,Mathilda,MacCaughan,mmaccaughan6r@pbs.org,$10000.00,869723020,2024-12-05 17:55:16
245,Vivien,McCook,vmccook6s@opera.com,$10000.00,013513878,2024-07-01 21:54:24
246,Keri,Mockford,kmockford6t@cbc.ca,$10000.00,425782610,2025-02-17 19:24:20
247,Torrence,Broadberrie,tbroadberrie6u@wikia.com,$10000.00,001624058,2024-02-21 09:07:00
248,Artemas,Rablan,arablan6v@reuters.com,$10000.00,282407668,2024-06-15 14:07:57
249,Ashia,Nucator,anucator6w@opera.com,$10000.00,377639637,2025-01-07 08:27:30
250,Egbert,Pitkeathley,epitkeathley6x@mail.ru,$10000.00,661467469,2025-04-11 20:18:43
251,Kai,Poulney,kpoulney6y@imgur.com,$10000.00,791580482,2024-07-28 14:14:36
252,Moyna,Van Oord,mvanoord6z@spotify.com,$10000.00,267654295,2024-01-22 11:18:22
253,Amelina,Sockell,asockell70@multiply.com,$10000.00,743156160,2025-05-01 11:48:50
254,Carolyn,Yoxen,cyoxen71@sbwire.com,$10000.00,126626712,2024-11-30 07:49:43
255,Manuel,Harsnep,mharsnep72@mashable.com,$10000.00,326330539,2024-12-06 13:51:15
256,Bethena,Pipe,bpipe73@last.fm,$10000.00,632376212,2024-11-30 21:06:41
257,Nikolia,Tortoishell,ntortoishell74@oakley.com,$10000.00,483886384,2024-10-03 18:11:59
258,Dulcinea,Wankling,dwankling75@woothemes.com,$10000.00,537830662,2024-03-05 21:26:45
259,Vikki,McCory,vmccory76@simplemachines.org,$10000.00,000319993,2024-05-16 01:34:59
260,Willa,Southcott,wsouthcott77@sina.com.cn,$10000.00,470675528,2025-01-22 09:22:47
261,Joelynn,Gobeau,jgobeau78@state.tx.us,$10000.00,831396384,2025-02-27 07:41:35
262,Marylynne,Bemment,mbemment79@fastcompany.com,$10000.00,645865966,2024-10-24 19:23:31
263,Tamma,Pes,tpes7a@auda.org.au,$10000.00,864966140,2025-02-08 15:43:06
264,Lorri,Archibould,larchibould7b@pbs.org,$10000.00,260633812,2024-05-02 05:26:18
265,Griffie,Northedge,gnorthedge7c@economist.com,$10000.00,794618840,2024-08-19 22:03:15
266,Leroi,Milham,lmilham7d@state.tx.us,$10000.00,887185683,2024-12-18 07:30:35
267,Gweneth,Benjamin,gbenjamin7e@mozilla.com,$10000.00,673675514,2024-12-05 15:03:15
268,Gaylene,Wither,gwither7f@csmonitor.com,$10000.00,682970419,2025-04-22 17:57:20
269,Isac,McCafferky,imccafferky7g@unblog.fr,$10000.00,545170778,2025-02-02 01:42:45
270,Lonnard,Redfearn,lredfearn7h@ustream.tv,$10000.00,438502393,2024-08-04 03:05:17
271,Benedicto,Raddenbury,braddenbury7i@sogou.com,$10000.00,606226453,2024-04-18 07:10:56
272,Martin,Petticrew,mpetticrew7j@scribd.com,$10000.00,955954879,2024-07-14 11:20:57
273,Simone,Roloff,sroloff7k@yelp.com,$10000.00,809488451,2024-08-27 01:48:19
274,Ailee,Gambles,agambles7l@utexas.edu,$10000.00,251101717,2025-05-11 14:52:48
275,Stormy,Domaschke,sdomaschke7m@microsoft.com,$10000.00,522533521,2024-09-08 03:07:07
276,Blinny,Siddall,bsiddall7n@upenn.edu,$10000.00,932526879,2024-03-29 05:01:30
277,Sheelah,Jutson,sjutson7o@tinypic.com,$10000.00,146327569,2024-01-08 03:13:25
278,Bartel,Pollen,bpollen7p@hao123.com,$10000.00,692426846,2024-10-31 06:12:09
279,Bronny,Roger,broger7q@mashable.com,$10000.00,967914353,2024-05-02 07:59:58
280,Clemens,Tidy,ctidy7r@multiply.com,$10000.00,396796842,2024-11-02 15:46:23
281,Cecelia,Etheridge,cetheridge7s@icio.us,$10000.00,342830179,2025-03-19 15:17:56
282,Ferdinande,Bromby,fbromby7t@nature.com,$10000.00,141395095,2025-03-31 21:14:33
283,Sissy,Balderston,sbalderston7u@thetimes.co.uk,$10000.00,011748115,2024-07-20 03:07:01
284,Catherine,Empson,cempson7v@t-online.de,$10000.00,484699344,2025-04-27 22:48:05
285,Wait,Hartford,whartford7w@skype.com,$10000.00,322474396,2024-02-06 23:18:08
286,Camey,Allright,callright7x@walmart.com,$10000.00,530353756,2024-01-05 23:55:50
287,Lotty,Feldon,lfeldon7y@arstechnica.com,$10000.00,871033556,2024-02-14 22:19:28
288,Jeremias,O'Halleghane,johalleghane7z@privacy.gov.au,$10000.00,740631473,2024-03-14 22:35:27
289,Ody,Sellars,osellars80@cafepress.com,$10000.00,645664009,2024-03-13 05:14:36
290,Laural,Gascar,lgascar81@ezinearticles.com,$10000.00,064863106,2025-02-01 14:57:10
291,Gladi,Bysaker,gbysaker82@loc.gov,$10000.00,307844746,2024-02-16 14:52:30
292,Malvin,Aggis,maggis83@desdev.cn,$10000.00,809372794,2024-07-09 04:44:40
293,Elisabetta,Winsborrow,ewinsborrow84@mashable.com,$10000.00,013833716,2024-12-03 05:01:48
294,Durward,Diggell,ddiggell85@rediff.com,$10000.00,746629153,2024-05-03 10:04:37
295,Gilly,McKenna,gmckenna86@gizmodo.com,$10000.00,766951483,2024-01-24 09:55:10
296,Abbott,Gogie,agogie87@networksolutions.com,$10000.00,356133302,2024-07-10 10:23:53
297,Craggy,Fyall,cfyall88@cisco.com,$10000.00,822622069,2025-05-22 01:39:16
298,Annelise,Eckford,aeckford89@joomla.org,$10000.00,050105222,2024-05-18 17:39:55
299,Andrej,McNamara,amcnamara8a@microsoft.com,$10000.00,398938887,2025-01-22 07:26:49
300,Mario,Shurlock,mshurlock8b@comcast.net,$10000.00,703695246,2024-06-14 10:17:03
301,Algernon,Perassi,aperassi8c@artisteer.com,$10000.00,247790144,2024-10-29 13:25:48
302,Wilden,Annakin,wannakin8d@un.org,$10000.00,512613169,2024-06-05 01:02:47
303,Odelinda,McCaw,omccaw8e@vinaora.com,$10000.00,931214305,2024-04-26 04:44:46
304,Abra,Gerrey,agerrey8f@cargocollective.com,$10000.00,127818748,2024-11-26 14:17:19
305,Jase,Pople,jpople8g@163.com,$10000.00,899939197,2024-10-13 09:15:42
306,Homere,Pfaffel,hpfaffel8h@bloomberg.com,$10000.00,036080781,2024-08-18 11:00:38
307,Michele,Laister,mlaister8i@hp.com,$10000.00,408385865,2024-08-15 17:15:18
308,Harmon,Bolding,hbolding8j@symantec.com,$10000.00,431533835,2025-04-08 14:19:51
309,Chandra,Dickins,cdickins8k@chicagotribune.com,$10000.00,209891402,2024-10-16 19:55:09
310,Marna,Moutray Read,mmoutrayread8l@zimbio.com,$10000.00,226657301,2024-02-25 05:04:40
311,Valina,Jefford,vjefford8m@nytimes.com,$10000.00,911798009,2024-08-10 06:16:05
312,Doralynn,Caustick,dcaustick8n@canalblog.com,$10000.00,564481770,2025-03-01 06:16:57
313,Cori,Lote,clote8o@printfriendly.com,$10000.00,720599449,2024-11-04 03:40:14
314,Edithe,Zambon,ezambon8p@jimdo.com,$10000.00,251637065,2024-05-25 10:01:21
315,Teddie,Ricardon,tricardon8q@msu.edu,$10000.00,853673214,2024-01-01 21:47:23
316,Sharity,Kalinsky,skalinsky8r@ovh.net,$10000.00,311786279,2025-05-20 17:23:21
317,Hakeem,Dyshart,hdyshart8s@mayoclinic.com,$10000.00,753073829,2025-02-28 00:38:19
318,Jojo,Vowdon,jvowdon8t@gov.uk,$10000.00,165322657,2024-04-11 07:37:28
319,Hi,Sames,hsames8u@prlog.org,$10000.00,977430220,2024-07-01 05:43:15
320,Maggy,Winsor,mwinsor8v@cdbaby.com,$10000.00,532141467,2024-12-27 17:49:28
321,Seward,Belch,sbelch8w@netscape.com,$10000.00,402057710,2024-05-26 03:00:03
322,Sisile,Kadd,skadd8x@slideshare.net,$10000.00,555325534,2025-01-14 07:06:56
323,Claresta,Crighton,ccrighton8y@lulu.com,$10000.00,522458907,2024-10-31 00:26:53
324,Heddi,Smythe,hsmythe8z@google.co.jp,$10000.00,988960549,2024-07-07 02:21:10
325,Clementine,Davidesco,cdavidesco90@vistaprint.com,$10000.00,844626552,2024-08-29 10:55:44
326,Lanny,Lofthouse,llofthouse91@g.co,$10000.00,285223946,2024-03-31 09:08:03
327,Cullen,Spinola,cspinola92@ft.com,$10000.00,728542213,2024-11-10 07:29:49
328,Sonnie,Loyndon,sloyndon93@linkedin.com,$10000.00,818524940,2024-05-25 18:25:31
329,Kali,Ruane,kruane94@networksolutions.com,$10000.00,828838333,2024-11-21 04:37:22
330,Simmonds,Bere,sbere95@disqus.com,$10000.00,899892984,2024-08-13 12:55:12
331,Barrie,Stacy,bstacy96@tripadvisor.com,$10000.00,793222482,2024-01-15 22:34:53
332,Aigneis,Wehnerr,awehnerr97@w3.org,$10000.00,084284344,2024-08-04 22:46:53
333,Maura,O'Connolly,moconnolly98@cisco.com,$10000.00,840728462,2024-08-20 03:10:08
334,Bev,Bedells,bbedells99@blog.com,$10000.00,795066648,2024-07-25 20:13:31
335,Krysta,Iddens,kiddens9a@nationalgeographic.com,$10000.00,067562133,2024-07-19 05:44:24
336,Aloin,Brame,abrame9b@issuu.com,$10000.00,950600429,2025-01-23 12:20:34
337,Torrey,Shingler,tshingler9c@apple.com,$10000.00,637700320,2024-07-23 12:48:11
338,Rabbi,Scandrett,rscandrett9d@umn.edu,$10000.00,139315741,2024-03-22 10:36:23
339,Lorenza,Orts,lorts9e@springer.com,$10000.00,044080458,2024-03-17 20:35:09
340,Clarissa,Romme,cromme9f@nydailynews.com,$10000.00,477400080,2024-11-14 22:25:54
341,Aline,South,asouth9g@tuttocitta.it,$10000.00,663574602,2025-02-05 23:36:40
342,Charity,Buntain,cbuntain9h@4shared.com,$10000.00,425914043,2024-01-09 02:54:56
343,Boote,McGillacoell,bmcgillacoell9i@europa.eu,$10000.00,471861451,2024-07-18 02:39:03
344,Lorens,Seward,lseward9j@scribd.com,$10000.00,776967308,2024-12-04 22:55:41
345,Esra,Houlworth,ehoulworth9k@stanford.edu,$10000.00,799321736,2024-09-30 17:42:23
346,Concordia,Sever,csever9l@irs.gov,$10000.00,982183187,2025-03-17 13:03:58
347,Creight,Vaskin,cvaskin9m@tinyurl.com,$10000.00,986593256,2025-05-10 07:50:37
348,Katey,Edgeller,kedgeller9n@usgs.gov,$10000.00,837713234,2025-04-27 07:19:00
349,Alvina,Short,ashort9o@columbia.edu,$10000.00,833804783,2025-03-04 14:14:37
350,Mark,Cubbit,mcubbit9p@epa.gov,$10000.00,164317076,2024-08-15 00:07:21
351,Allyce,Purselowe,apurselowe9q@prnewswire.com,$10000.00,931139174,2025-04-10 01:30:34
352,Gipsy,Eversley,geversley9r@facebook.com,$10000.00,417737847,2024-02-26 03:32:34
353,Valentin,Affuso,vaffuso9s@theguardian.com,$10000.00,754876013,2024-07-29 20:35:06
354,Bee,Vakhonin,bvakhonin9t@slate.com,$10000.00,692207299,2024-09-19 17:03:11
355,Joel,Toman,jtoman9u@devhub.com,$10000.00,446717468,2024-12-24 04:07:21
356,Analiese,Bartolini,abartolini9v@cargocollective.com,$10000.00,770512996,2025-02-26 15:53:50
357,Marget,Grigoletti,mgrigoletti9w@dailymotion.com,$10000.00,378126245,2025-03-28 13:32:05
358,Jobie,Coughtrey,jcoughtrey9x@tinypic.com,$10000.00,550279235,2024-08-05 14:51:40
359,Sissie,Stambridge,sstambridge9y@disqus.com,$10000.00,744358227,2025-01-04 03:50:19
360,Melantha,Spurden,mspurden9z@vinaora.com,$10000.00,828040425,2025-04-23 20:56:44
361,Pearla,Keets,pkeetsa0@godaddy.com,$10000.00,529548980,2024-11-30 15:49:22
362,Breena,Kitchener,bkitchenera1@comcast.net,$10000.00,900204718,2024-08-13 09:15:57
363,Gage,Readett,greadetta2@1und1.de,$10000.00,382325015,2024-08-12 04:18:09
364,Gale,Hicken,ghickena3@zdnet.com,$10000.00,302979141,2024-07-15 22:10:28
365,Ham,Patey,hpateya4@home.pl,$10000.00,162281507,2024-06-08 04:58:23
366,Katha,Lamas,klamasa5@addtoany.com,$10000.00,008900937,2024-12-13 03:07:57
367,Reinald,Terron,rterrona6@ucoz.com,$10000.00,380364052,2024-05-25 17:27:33
368,Priscilla,Trassler,ptrasslera7@addtoany.com,$10000.00,438254921,2024-11-07 08:10:23
369,Marketa,Horlick,mhorlicka8@army.mil,$10000.00,798971775,2025-04-05 05:34:24
370,Sheilah,Giriardelli,sgiriardellia9@odnoklassniki.ru,$10000.00,215581785,2024-12-04 01:39:45
371,Saundra,Folder,sfolderaa@wiley.com,$10000.00,567820792,2025-01-23 23:01:28
372,Melisse,Rayworth,mrayworthab@devhub.com,$10000.00,811403670,2024-09-21 04:42:03
373,Raimund,Christmas,rchristmasac@spotify.com,$10000.00,472662629,2025-02-13 04:20:47
374,Lyndy,Summerlad,lsummerladad@yolasite.com,$10000.00,910915264,2025-01-29 08:22:02
375,Renaud,Ferrero,rferreroae@berkeley.edu,$10000.00,443217029,2024-02-06 01:52:28
376,Leshia,Hullbrook,lhullbrookaf@oaic.gov.au,$10000.00,593438071,2024-05-25 11:05:14
377,Travers,Boyington,tboyingtonag@toplist.cz,$10000.00,403852495,2024-11-13 23:43:00
378,Fanya,Brigge,fbriggeah@desdev.cn,$10000.00,526912900,2024-11-01 00:39:08
379,Cilka,Elwyn,celwynai@mediafire.com,$10000.00,177027918,2024-11-29 01:09:51
380,Forster,Ollis,follisaj@auda.org.au,$10000.00,621028600,2025-05-12 08:49:51
381,Nixie,O'Dogherty,nodoghertyak@privacy.gov.au,$10000.00,687308392,2025-05-01 11:46:50
382,Farlay,Severs,fseversal@wordpress.com,$10000.00,044607738,2025-03-02 18:11:33
383,Odey,Deeley,odeeleyam@patch.com,$10000.00,682055104,2024-10-07 01:21:16
384,Louella,Gunther,lguntheran@mashable.com,$10000.00,782556995,2024-01-26 03:09:32
385,Mathian,Middlebrook,mmiddlebrookao@nih.gov,$10000.00,172675234,2024-12-24 09:13:42
386,Colene,Shurrock,cshurrockap@ehow.com,$10000.00,111032008,2024-03-11 00:40:22
387,Sergent,Wands,swandsaq@issuu.com,$10000.00,802395707,2024-03-27 01:16:15
388,Anton,McKea,amckeaar@theguardian.com,$10000.00,092180998,2024-07-29 22:09:10
389,Hurley,Dahmke,hdahmkeas@nature.com,$10000.00,881194964,2025-04-21 10:10:13
390,Genia,Clayborn,gclaybornat@adobe.com,$10000.00,941099514,2025-01-07 15:17:14
391,Lorette,Churching,lchurchingau@histats.com,$10000.00,231982453,2025-03-14 14:32:53
392,Maddy,Bacon,mbaconav@latimes.com,$10000.00,231266642,2024-06-29 07:48:43
393,Stanleigh,Eitter,seitteraw@baidu.com,$10000.00,698461014,2025-03-09 15:07:23
394,Dmitri,Corking,dcorkingax@netlog.com,$10000.00,549527019,2024-02-26 04:46:00
395,Bennie,Dixcee,bdixceeay@nsw.gov.au,$10000.00,232360164,2024-10-02 10:21:20
396,Sascha,Olphert,solphertaz@histats.com,$10000.00,678277620,2024-04-21 03:53:27
397,Alisa,Empleton,aempletonb0@feedburner.com,$10000.00,942827316,2024-09-25 23:55:03
398,Arlina,Loweth,alowethb1@youku.com,$10000.00,345129900,2025-02-20 11:47:04
399,Waldon,Ferrandez,wferrandezb2@sohu.com,$10000.00,287963686,2024-12-27 10:17:52
400,Nikolaus,Hurn,nhurnb3@paginegialle.it,$10000.00,040751608,2024-01-04 06:35:26
401,Blondell,Bysshe,bbyssheb4@parallels.com,$10000.00,286437607,2024-01-11 13:47:39
402,Peria,McFaell,pmcfaellb5@dell.com,$10000.00,416145006,2024-01-23 01:20:18
403,Datha,Heinrici,dheinricib6@latimes.com,$10000.00,842600671,2024-09-23 16:34:04
404,Edd,Parlot,eparlotb7@goodreads.com,$10000.00,431692456,2024-12-02 22:34:16
405,Pauletta,Crosoer,pcrosoerb8@istockphoto.com,$10000.00,086497868,2024-03-13 06:25:10
406,Laura,Vooght,lvooghtb9@nba.com,$10000.00,948460542,2025-01-12 23:53:22
407,Phaedra,Klemensiewicz,pklemensiewiczba@plala.or.jp,$10000.00,844108252,2025-02-02 11:08:57
408,Artus,Burgot,aburgotbb@com.com,$10000.00,517707560,2024-06-14 23:02:37
409,Sianna,Cuncarr,scuncarrbc@umn.edu,$10000.00,902785628,2024-03-28 00:03:09
410,Dinny,Miquelet,dmiqueletbd@virginia.edu,$10000.00,760067642,2025-04-30 01:06:53
411,Lorne,Custance,lcustancebe@artisteer.com,$10000.00,187628267,2025-02-04 19:17:56
412,Guthry,Rillett,grillettbf@cnbc.com,$10000.00,931124748,2024-04-22 15:45:01
413,Cordelia,Frisel,cfriselbg@bbc.co.uk,$10000.00,442956663,2024-01-21 05:52:05
414,Jamal,Lope,jlopebh@flavors.me,$10000.00,446503754,2025-04-27 20:39:45
415,Sampson,Izatson,sizatsonbi@auda.org.au,$10000.00,562774489,2024-04-16 08:53:42
416,Nathanil,Skottle,nskottlebj@quantcast.com,$10000.00,627284289,2024-10-30 03:52:41
417,Harwilll,Malinowski,hmalinowskibk@unc.edu,$10000.00,191247369,2024-04-21 13:28:56
418,Sioux,Chazette,schazettebl@dropbox.com,$10000.00,775140993,2024-02-23 10:47:26
419,Sela,MacAscaidh,smacascaidhbm@auda.org.au,$10000.00,014513662,2024-08-08 00:12:49
420,Ashien,Grazier,agrazierbn@patch.com,$10000.00,197635859,2024-10-11 07:55:12
421,Jenna,MacShane,jmacshanebo@sphinn.com,$10000.00,150177554,2024-07-18 02:57:41
422,Ignazio,Barraclough,ibarracloughbp@epa.gov,$10000.00,261100652,2024-02-03 06:24:05
423,Oran,Fashion,ofashionbq@cargocollective.com,$10000.00,354911843,2024-01-08 11:51:24
424,Jaimie,Hurdis,jhurdisbr@jugem.jp,$10000.00,550571545,2025-02-18 01:32:10
425,Reece,Espinho,respinhobs@hatena.ne.jp,$10000.00,878675564,2024-08-13 05:34:48
426,Tilly,Mauger,tmaugerbt@skyrock.com,$10000.00,709195838,2024-04-05 08:01:15
427,Andria,Kennan,akennanbu@elegantthemes.com,$10000.00,129079660,2025-02-09 09:28:58
428,Cassondra,Dakhov,cdakhovbv@unesco.org,$10000.00,449750705,2024-12-15 23:00:57
429,Cosmo,Cheeke,ccheekebw@sitemeter.com,$10000.00,049682901,2024-05-05 06:15:58
430,Malina,Adamov,madamovbx@fotki.com,$10000.00,370774455,2024-10-10 13:59:20
431,Leonore,Hanshaw,lhanshawby@creativecommons.org,$10000.00,898234825,2024-09-19 17:22:06
432,Fraser,Anfrey,fanfreybz@disqus.com,$10000.00,289985851,2025-04-26 11:49:27
433,Dallon,Francombe,dfrancombec0@ovh.net,$10000.00,144637061,2024-11-29 01:47:31
434,Jule,Torbeck,jtorbeckc1@reuters.com,$10000.00,740111671,2025-01-10 16:29:51
435,Ginevra,Kepe,gkepec2@businesswire.com,$10000.00,421784983,2024-08-28 02:25:23
436,Carlie,Barley,cbarleyc3@youtu.be,$10000.00,849052308,2024-06-25 11:10:07
437,Jamey,Lilliman,jlillimanc4@wufoo.com,$10000.00,733372720,2024-11-13 20:16:17
438,Kriste,Combe,kcombec5@cpanel.net,$10000.00,315994349,2025-05-20 05:55:09
439,Kerby,O'Fogerty,kofogertyc6@mlb.com,$10000.00,285794917,2025-02-08 05:52:18
440,Kendall,Roman,kromanc7@etsy.com,$10000.00,874826907,2024-12-21 05:46:01
441,Tommie,Reffe,treffec8@blogs.com,$10000.00,267411236,2025-03-04 08:08:13
442,Llewellyn,Bell,lbellc9@altervista.org,$10000.00,203638882,2025-04-20 09:39:01
443,Kirby,Blainey,kblaineyca@ft.com,$10000.00,573752543,2024-11-21 21:59:09
444,Annabell,Inchcomb,ainchcombcb@dedecms.com,$10000.00,901242312,2024-09-27 15:05:56
445,Drake,Davidde,ddaviddecc@chronoengine.com,$10000.00,426813326,2024-09-04 17:05:00
446,Budd,Ianne,biannecd@ezinearticles.com,$10000.00,904257522,2024-02-12 12:41:02
447,Lita,Ramstead,lramsteadce@ihg.com,$10000.00,476591533,2024-05-09 13:40:35
448,Cameron,Seaborne,cseabornecf@reddit.com,$10000.00,362180914,2024-07-08 14:46:27
449,Randy,Castagna,rcastagnacg@soup.io,$10000.00,685162399,2025-04-20 23:37:01
450,Caryl,Gillivrie,cgillivriech@creativecommons.org,$10000.00,616719962,2025-03-06 09:16:12
451,Sonia,Churn,schurnci@dyndns.org,$10000.00,372521636,2024-10-24 12:08:38
452,Maia,Hars,mharscj@marketwatch.com,$10000.00,154528265,2024-06-21 01:13:54
453,Galvan,Deighton,gdeightonck@wikimedia.org,$10000.00,831213640,2024-02-12 08:18:07
454,Mariellen,Heugel,mheugelcl@xinhuanet.com,$10000.00,878073783,2024-07-03 12:04:43
455,Latashia,Wehner,lwehnercm@mapy.cz,$10000.00,193310827,2024-10-20 10:27:20
456,Christean,Hamsher,chamshercn@xinhuanet.com,$10000.00,603707429,2024-01-21 06:06:05
457,Matthieu,Kezor,mkezorco@telegraph.co.uk,$10000.00,283683790,2024-03-01 09:20:10
458,Bambi,Stroband,bstrobandcp@google.it,$10000.00,575840814,2025-03-03 23:39:09
459,Had,Daoust,hdaoustcq@godaddy.com,$10000.00,791436549,2025-01-19 04:11:36
460,Nevile,McDougall,nmcdougallcr@bbb.org,$10000.00,985485982,2024-05-01 20:33:39
461,Karin,Corner,kcornercs@cafepress.com,$10000.00,477008065,2025-02-17 15:55:33
462,Adham,Dart,adartct@topsy.com,$10000.00,552346908,2025-01-16 04:43:43
463,Den,Entreis,dentreiscu@booking.com,$10000.00,761776584,2024-08-29 09:15:03
464,Carlin,Van der Kruys,cvanderkruyscv@whitehouse.gov,$10000.00,854933196,2025-01-05 02:14:06
465,Dun,Cridlan,dcridlancw@ovh.net,$10000.00,242077867,2024-07-12 17:49:51
466,Alistair,Bygrove,abygrovecx@pen.io,$10000.00,487056802,2024-02-22 09:24:06
467,Elladine,Wratten,ewrattency@drupal.org,$10000.00,749637686,2025-03-22 15:19:32
468,Pieter,Hitchens,phitchenscz@umn.edu,$10000.00,041614653,2025-02-05 06:59:18
469,Kennan,Hanigan,khanigand0@forbes.com,$10000.00,943388360,2024-10-05 07:09:35
470,Zandra,Poutress,zpoutressd1@comsenz.com,$10000.00,478934975,2024-03-10 03:31:09
471,Babb,Reyburn,breyburnd2@google.com,$10000.00,024508297,2024-01-13 13:29:51
472,Colleen,Heigho,cheighod3@myspace.com,$10000.00,918645452,2025-03-25 01:23:58
473,Chaim,Izchaki,cizchakid4@bloglovin.com,$10000.00,397888961,2024-03-17 02:04:09
474,Bella,Morriarty,bmorriartyd5@wikia.com,$10000.00,721735363,2024-04-01 19:05:47
475,Glynda,Fantin,gfantind6@artisteer.com,$10000.00,397871314,2024-05-05 09:25:20
476,Lulu,Lazer,llazerd7@imdb.com,$10000.00,618675449,2025-02-02 16:49:33
477,Rakel,Frensch,rfrenschd8@ameblo.jp,$10000.00,639424463,2024-11-06 00:20:05
478,Gabbey,Trayhorn,gtrayhornd9@networksolutions.com,$10000.00,231450027,2024-11-02 10:02:39
479,Marlo,Filipov,mfilipovda@flickr.com,$10000.00,309330148,2024-03-06 04:38:08
480,Noellyn,Garrals,ngarralsdb@meetup.com,$10000.00,278919593,2025-03-30 17:08:18
481,Jean,Arden,jardendc@hhs.gov,$10000.00,118969914,2024-11-09 14:16:26
482,Jolyn,Gravells,jgravellsdd@boston.com,$10000.00,834086832,2024-10-26 16:41:47
483,Evey,O'Hickee,eohickeede@google.es,$10000.00,536966870,2025-02-26 22:07:19
484,Gabriello,Kingswood,gkingswooddf@ning.com,$10000.00,860970627,2025-01-06 03:52:59
485,Dollie,Calverley,dcalverleydg@sogou.com,$10000.00,512898992,2024-03-14 18:49:47
486,Kathye,Weatherby,kweatherbydh@state.tx.us,$10000.00,655428844,2024-04-30 22:01:10
487,Benedetta,Strivens,bstrivensdi@w3.org,$10000.00,537910354,2025-01-23 11:22:48
488,Reggis,Baines,rbainesdj@cargocollective.com,$10000.00,186211585,2025-04-02 11:12:58
489,Chloris,Fitter,cfitterdk@yale.edu,$10000.00,326799231,2024-04-20 23:33:16
490,Killian,Iskowicz,kiskowiczdl@chronoengine.com,$10000.00,534863464,2024-06-13 01:35:03
491,Pennie,Alphonso,palphonsodm@booking.com,$10000.00,281982660,2024-06-29 04:11:28
492,Molly,Meardon,mmeardondn@cmu.edu,$10000.00,920709338,2024-10-30 18:32:49
493,Tammy,Werny,twernydo@forbes.com,$10000.00,981952505,2024-09-01 10:24:05
494,Nickolaus,Pepis,npepisdp@independent.co.uk,$10000.00,678380973,2024-08-01 15:18:44
495,Malinda,Denkel,mdenkeldq@cdbaby.com,$10000.00,293239708,2025-04-28 00:11:27
496,Rosie,de Zamora,rdezamoradr@yolasite.com,$10000.00,579438212,2024-02-27 01:54:28
497,Llywellyn,Dolden,ldoldends@live.com,$10000.00,756060517,2024-06-16 09:28:14
498,Mallory,Ranaghan,mranaghandt@deviantart.com,$10000.00,367447049,2024-09-16 17:18:22
499,Nedi,Tremoulet,ntremouletdu@skyrock.com,$10000.00,374253702,2025-05-13 06:20:04
500,Paulita,Cuerdall,pcuerdalldv@discuz.net,$10000.00,932610894,2024-11-05 21:26:07
501,Phyllys,Fear,pfeardw@unc.edu,$10000.00,999429537,2024-06-06 02:14:56
502,Cobby,Cockerell,ccockerelldx@ovh.net,$10000.00,226145502,2025-03-18 16:48:28
503,Tammy,Eliasen,teliasendy@paginegialle.it,$10000.00,824792300,2025-05-12 03:46:15
504,Corbie,Thompson,cthompsondz@house.gov,$10000.00,061549977,2024-10-17 06:57:30
505,Germana,Keane,gkeanee0@storify.com,$10000.00,403587412,2025-03-19 01:54:06
506,Adlai,Drew,adrewe1@cbc.ca,$10000.00,919850958,2025-05-09 10:20:18
507,Sheena,Boycott,sboycotte2@dagondesign.com,$10000.00,953240669,2024-06-11 15:14:57
508,Jecho,Wastell,jwastelle3@mlb.com,$10000.00,360452388,2024-03-24 12:44:19
509,Kippy,Georgescu,kgeorgescue4@wordpress.com,$10000.00,827947350,2024-05-18 05:15:18
510,Giorgia,MacKowle,gmackowlee5@flavors.me,$10000.00,429555624,2024-07-19 14:03:47
511,Jarrad,Connerry,jconnerrye6@github.io,$10000.00,935586707,2025-04-14 06:25:29
512,Trevar,Bramer,tbramere7@posterous.com,$10000.00,981681145,2024-11-03 18:13:10
513,Edd,Message,emessagee8@nydailynews.com,$10000.00,760596106,2025-02-06 14:13:16
514,Darbee,Walby,dwalbye9@time.com,$10000.00,686676968,2024-08-24 17:09:13
515,Allyson,Birtchnell,abirtchnellea@cnbc.com,$10000.00,248079061,2024-03-13 15:18:06
516,Emmanuel,Winmill,ewinmilleb@accuweather.com,$10000.00,103651567,2024-12-07 00:13:53
517,Patin,Puxley,ppuxleyec@myspace.com,$10000.00,747532027,2024-01-03 19:22:22
518,Berti,Crummy,bcrummyed@youtube.com,$10000.00,281070114,2024-09-04 20:36:13
519,Jim,Burrells,jburrellsee@lulu.com,$10000.00,024354567,2024-06-02 12:29:01
520,Briggs,Chelam,bchelamef@people.com.cn,$10000.00,435965161,2025-03-07 18:54:51
521,Chancey,Shearston,cshearstoneg@weebly.com,$10000.00,149368644,2025-03-21 04:08:11
522,Robbert,MacCostigan,rmaccostiganeh@gov.uk,$10000.00,642237676,2024-08-15 20:25:28
523,Chancey,Spearman,cspearmanei@hhs.gov,$10000.00,836368509,2024-05-01 22:50:46
524,Ilario,Howford,ihowfordej@mysql.com,$10000.00,010102077,2024-09-11 23:24:54
525,Ileane,Fidgett,ifidgettek@etsy.com,$10000.00,222299218,2024-06-01 16:14:41
526,Roderic,Flanigan,rflaniganel@last.fm,$10000.00,532457466,2024-09-23 14:12:59
527,Gabriellia,McEnhill,gmcenhillem@mayoclinic.com,$10000.00,625495130,2024-12-07 00:28:22
528,Sheeree,Serjent,sserjenten@exblog.jp,$10000.00,092257866,2024-02-16 15:24:28
529,Genni,Toun,gtouneo@wordpress.com,$10000.00,962564674,2025-01-16 03:05:20
530,Olia,Wand,owandep@barnesandnoble.com,$10000.00,766552141,2024-02-07 02:00:33
531,Robbin,Inkpen,rinkpeneq@wikia.com,$10000.00,078190601,2024-09-18 14:20:27
532,Annette,Roll,aroller@drupal.org,$10000.00,149434173,2025-02-24 01:10:31
533,Mace,Jebb,mjebbes@va.gov,$10000.00,068528216,2024-04-18 01:05:42
534,Gigi,Bard,gbardet@bloomberg.com,$10000.00,047499773,2024-09-11 08:21:31
535,Randee,Billing,rbillingeu@booking.com,$10000.00,044861598,2024-10-15 14:15:13
536,Nickola,Ellum,nellumev@intel.com,$10000.00,895482484,2024-02-16 09:57:20
537,Marnie,Fattorini,mfattoriniew@meetup.com,$10000.00,783499986,2024-12-30 03:40:06
538,Clem,Isakov,cisakovex@arstechnica.com,$10000.00,556159650,2024-05-21 19:13:36
539,Roderich,Stiffell,rstiffelley@lycos.com,$10000.00,386058415,2024-06-17 04:08:09
540,Daven,Guiton,dguitonez@timesonline.co.uk,$10000.00,389658056,2024-06-05 22:12:16
541,Guss,Jeanel,gjeanelf0@networkadvertising.org,$10000.00,688792071,2024-04-05 07:00:10
542,Anastasia,Charlesworth,acharlesworthf1@paypal.com,$10000.00,909059603,2024-02-19 19:02:29
543,Joyous,McGarvie,jmcgarvief2@istockphoto.com,$10000.00,240003327,2025-05-11 09:35:14
544,Nana,Patrone,npatronef3@virginia.edu,$10000.00,648989726,2025-04-10 03:08:11
545,Leonard,Boggs,lboggsf4@bbc.co.uk,$10000.00,382415268,2024-02-09 19:40:49
546,Nicola,Loreit,nloreitf5@marketwatch.com,$10000.00,386031025,2024-09-13 21:31:15
547,Bryanty,Server,bserverf6@examiner.com,$10000.00,330428587,2025-03-06 18:50:08
548,Bartel,Leechman,bleechmanf7@statcounter.com,$10000.00,030539980,2024-04-06 18:53:06
549,Maria,Jandl,mjandlf8@dyndns.org,$10000.00,563878479,2024-02-03 19:02:43
550,Tisha,Mattevi,tmattevif9@list-manage.com,$10000.00,650956590,2024-10-08 18:08:48
551,Gerome,Bratch,gbratchfa@chronoengine.com,$10000.00,130953650,2024-06-06 03:13:55
552,Tabbi,Attril,tattrilfb@mediafire.com,$10000.00,108321329,2024-02-18 11:55:19
553,Isabeau,Usborn,iusbornfc@goo.ne.jp,$10000.00,713790912,2024-01-11 16:57:56
554,Nannie,Hearst,nhearstfd@virginia.edu,$10000.00,559079094,2024-08-28 12:14:57
555,Marietta,Luigi,mluigife@apple.com,$10000.00,462371062,2025-05-11 21:24:27
556,Patton,Bleesing,pbleesingff@zdnet.com,$10000.00,346202593,2024-03-08 05:46:43
557,Christiano,McPhilip,cmcphilipfg@cocolog-nifty.com,$10000.00,272091633,2024-02-10 04:18:14
558,Sammy,Matelyunas,smatelyunasfh@etsy.com,$10000.00,765305776,2024-06-05 06:42:36
559,Janot,Tellenbrook,jtellenbrookfi@ibm.com,$10000.00,311872873,2024-04-05 03:31:14
560,Alaster,Silversmidt,asilversmidtfj@nba.com,$10000.00,101820038,2024-08-31 22:36:28
561,Klarika,Mattsson,kmattssonfk@github.io,$10000.00,978893031,2024-08-07 12:34:13
562,Junina,Gogarty,jgogartyfl@disqus.com,$10000.00,653506831,2024-11-18 08:51:56
563,Jephthah,Ginn,jginnfm@businessweek.com,$10000.00,874614751,2025-04-02 09:23:41
564,Kevyn,Malling,kmallingfn@stumbleupon.com,$10000.00,029788599,2024-11-30 03:09:09
565,Waylen,Newcom,wnewcomfo@cpanel.net,$10000.00,207048556,2024-04-10 02:08:38
566,Berkeley,Trenouth,btrenouthfp@nbcnews.com,$10000.00,411483620,2024-12-01 10:03:48
567,Clement,Sweeting,csweetingfq@hatena.ne.jp,$10000.00,320845483,2025-01-14 10:21:52
568,Yasmeen,Morgon,ymorgonfr@narod.ru,$10000.00,164900622,2024-08-25 18:01:49
569,Myra,Reagan,mreaganfs@redcross.org,$10000.00,102846784,2024-03-17 05:38:37
570,Hube,Bullar,hbullarft@cdc.gov,$10000.00,870139672,2024-04-03 13:07:54
571,Abeu,McNea,amcneafu@sitemeter.com,$10000.00,727387584,2025-04-12 16:25:34
572,Osbourn,Yeude,oyeudefv@unicef.org,$10000.00,477308358,2024-05-04 18:46:54
573,Quinlan,Darridon,qdarridonfw@amazon.de,$10000.00,199678275,2024-01-26 00:35:55
574,Harry,Balden,hbaldenfx@ocn.ne.jp,$10000.00,998770994,2024-01-05 00:38:09
575,Anett,Tampin,atampinfy@devhub.com,$10000.00,977212401,2024-08-09 08:19:07
576,Sammy,Gellett,sgellettfz@privacy.gov.au,$10000.00,760258238,2025-01-14 18:33:03
577,Yehudit,Haggett,yhaggettg0@npr.org,$10000.00,681779780,2024-11-15 11:18:51
578,Leanna,Sorel,lsorelg1@imdb.com,$10000.00,836533632,2024-07-02 16:13:49
579,Cele,Wife,cwifeg2@cargocollective.com,$10000.00,441755404,2025-01-18 21:43:50
580,Mariellen,Farthin,mfarthing3@prlog.org,$10000.00,498353668,2024-12-16 05:00:39
581,Jacquenetta,Schimke,jschimkeg4@photobucket.com,$10000.00,255818055,2025-03-24 21:26:33
582,Drucie,Vickerman,dvickermang5@state.tx.us,$10000.00,438814711,2024-02-11 05:31:40
583,Cody,Locard,clocardg6@virginia.edu,$10000.00,244437088,2024-08-15 04:15:52
584,Nonna,Hirsch,nhirschg7@de.vu,$10000.00,200909957,2024-02-04 12:42:21
585,Larisa,Abrahmer,labrahmerg8@ox.ac.uk,$10000.00,445148519,2025-05-19 15:34:23
586,Reeva,Osgorby,rosgorbyg9@rakuten.co.jp,$10000.00,285001960,2025-04-17 20:11:38
587,Adelbert,Grimmolby,agrimmolbyga@unblog.fr,$10000.00,057453494,2024-01-17 11:14:35
588,Hailee,Mollnar,hmollnargb@ezinearticles.com,$10000.00,157961046,2024-11-10 22:17:03
589,Bron,Cissell,bcissellgc@odnoklassniki.ru,$10000.00,386327118,2025-02-17 22:14:02
590,Rebekkah,Rew,rrewgd@a8.net,$10000.00,803954521,2024-11-27 23:14:09
591,Tobias,Gildea,tgildeage@meetup.com,$10000.00,764338288,2024-07-03 09:31:50
592,Chrotoem,Baylay,cbaylaygf@columbia.edu,$10000.00,749417571,2025-01-22 14:27:08
593,Hanny,Newman,hnewmangg@cisco.com,$10000.00,858213821,2025-02-08 13:41:16
594,Creighton,Etherington,cetheringtongh@sitemeter.com,$10000.00,945418609,2025-05-18 03:59:12
595,Carolina,Cluderay,ccluderaygi@imgur.com,$10000.00,735573643,2025-03-13 10:30:48
596,Olivier,Jenteau,ojenteaugj@gmpg.org,$10000.00,705405923,2025-05-21 07:25:39
597,Berenice,Shayler,bshaylergk@google.com.hk,$10000.00,397738872,2024-10-12 14:06:51
598,Artemus,Zanetti,azanettigl@ox.ac.uk,$10000.00,522758334,2024-02-26 08:12:04
599,Fifi,Glendza,fglendzagm@wisc.edu,$10000.00,632197489,2025-02-22 01:10:22
600,Aubrette,Blaver,ablavergn@macromedia.com,$10000.00,065477835,2024-08-04 04:20:07
601,Norrie,Bottomore,nbottomorego@nba.com,$10000.00,715253100,2024-08-29 12:34:49
602,Kelley,Larrie,klarriegp@icio.us,$10000.00,897363848,2025-01-26 15:44:38
603,Jedidiah,Trorey,jtroreygq@virginia.edu,$10000.00,438843574,2024-05-11 04:26:39
604,Dre,Harlick,dharlickgr@cornell.edu,$10000.00,136562688,2024-08-10 00:36:41
605,Horton,Buzek,hbuzekgs@bravesites.com,$10000.00,820482861,2025-01-08 21:56:33
606,Carlene,Conklin,cconklingt@unesco.org,$10000.00,860987039,2024-01-31 15:54:39
607,Maddie,Shayler,mshaylergu@si.edu,$10000.00,191585689,2024-02-04 13:47:19
608,Ivy,Pender,ipendergv@free.fr,$10000.00,337665829,2024-08-24 12:31:47
609,Gustav,Bruneau,gbruneaugw@4shared.com,$10000.00,512350650,2024-02-08 02:25:17
610,Ardelia,Brisset,abrissetgx@usa.gov,$10000.00,085628467,2024-09-09 21:56:26
611,Farlie,Slimon,fslimongy@redcross.org,$10000.00,132506562,2024-10-16 06:37:21
612,Shermie,Duplan,sduplangz@apache.org,$10000.00,869677469,2024-10-27 07:48:01
613,Clara,Mussilli,cmussillih0@cnn.com,$10000.00,057299021,2025-05-09 03:19:31
614,Forester,Danick,fdanickh1@a8.net,$10000.00,413999614,2024-08-23 05:24:01
615,Gregorius,Braundt,gbraundth2@seattletimes.com,$10000.00,338870195,2024-10-06 04:53:10
616,Dania,Bernardo,dbernardoh3@gnu.org,$10000.00,991004984,2024-08-06 06:08:58
617,Burke,Sainteau,bsainteauh4@hubpages.com,$10000.00,146264252,2024-06-28 10:13:21
618,Saunderson,Whitworth,swhitworthh5@yandex.ru,$10000.00,939356339,2025-02-08 09:08:38
619,Chad,Kalinowsky,ckalinowskyh6@reference.com,$10000.00,448415112,2024-07-26 05:36:59
620,Carmelina,Chilcott,cchilcotth7@miitbeian.gov.cn,$10000.00,444969480,2024-02-22 19:52:32
621,Bord,Harmson,bharmsonh8@drupal.org,$10000.00,965715863,2025-03-17 01:55:01
622,Mavis,Feldberger,mfeldbergerh9@surveymonkey.com,$10000.00,254502878,2025-04-20 12:57:52
623,Nadia,Camelin,ncamelinha@liveinternet.ru,$10000.00,706268552,2024-09-27 15:08:36
624,Drusy,Mayling,dmaylinghb@google.nl,$10000.00,660086275,2024-09-10 10:48:04
625,Myrilla,Gregory,mgregoryhc@livejournal.com,$10000.00,264275421,2024-07-30 13:09:21
626,Sonja,Fehner,sfehnerhd@miibeian.gov.cn,$10000.00,533074395,2024-12-07 20:12:29
627,Glenn,Everington,geveringtonhe@netlog.com,$10000.00,901581522,2025-01-12 21:48:15
628,Brennen,Lezemore,blezemorehf@yandex.ru,$10000.00,367741382,2024-11-22 20:06:38
629,Orel,Huckfield,ohuckfieldhg@macromedia.com,$10000.00,792673547,2024-03-12 22:23:08
630,Audre,Pohlke,apohlkehh@patch.com,$10000.00,271015964,2024-10-31 15:32:32
631,Dyane,Vasiljevic,dvasiljevichi@nature.com,$10000.00,188800542,2024-03-11 02:35:57
632,Roselin,Di Napoli,rdinapolihj@bizjournals.com,$10000.00,610387573,2025-01-22 21:25:57
633,Rand,Marple,rmarplehk@chronoengine.com,$10000.00,644594209,2024-11-01 19:54:58
634,Bryon,Fryatt,bfryatthl@surveymonkey.com,$10000.00,944159696,2024-12-16 16:25:44
635,Flossy,Scottrell,fscottrellhm@unesco.org,$10000.00,793837831,2024-12-02 07:43:56
636,Catrina,Reymers,creymershn@seesaa.net,$10000.00,973270078,2024-10-12 07:48:57
637,Elaine,Filov,efilovho@cbsnews.com,$10000.00,467885574,2024-10-20 05:41:33
638,Doroteya,Mellanby,dmellanbyhp@123-reg.co.uk,$10000.00,557955406,2024-02-11 22:06:01
639,Alene,Puckring,apuckringhq@mayoclinic.com,$10000.00,467381693,2025-02-17 06:59:06
640,Alvis,Bergeau,abergeauhr@theguardian.com,$10000.00,119281648,2024-05-02 10:41:30
641,Madeline,Petofi,mpetofihs@symantec.com,$10000.00,361582812,2024-02-28 12:08:27
642,Fonz,Piscopiello,fpiscopielloht@free.fr,$10000.00,048457377,2024-01-15 19:40:44
643,Charissa,Coulston,ccoulstonhu@java.com,$10000.00,752618328,2024-08-16 07:08:22
644,Shantee,Rambadt,srambadthv@nasa.gov,$10000.00,991714912,2024-03-01 10:57:08
645,Britt,Labro,blabrohw@studiopress.com,$10000.00,777444106,2024-07-08 10:57:16
646,Rita,Feldmesser,rfeldmesserhx@meetup.com,$10000.00,017219436,2024-07-23 11:08:35
647,Leila,Taylo,ltaylohy@paypal.com,$10000.00,505367504,2024-12-03 12:58:35
648,Jameson,Comfort,jcomforthz@yandex.ru,$10000.00,706021524,2024-06-15 07:40:30
649,Kimberli,Willoughby,kwilloughbyi0@techcrunch.com,$10000.00,257473228,2024-05-12 22:36:22
650,Wolfie,Peyntue,wpeyntuei1@accuweather.com,$10000.00,898585561,2024-07-05 15:46:29
651,Oralia,Disdel,odisdeli2@1688.com,$10000.00,341127822,2024-03-26 14:40:12
652,Stevie,Woolfitt,swoolfitti3@hibu.com,$10000.00,282037580,2025-01-23 21:31:08
653,Flore,Brenston,fbrenstoni4@boston.com,$10000.00,871556499,2025-02-23 15:08:15
654,Madge,Finden,mfindeni5@elpais.com,$10000.00,264636100,2024-02-13 20:26:18
655,Silas,Mace,smacei6@weibo.com,$10000.00,169950463,2025-04-17 13:03:57
656,Archambault,Duffet,aduffeti7@mediafire.com,$10000.00,364009690,2024-01-02 14:13:42
657,Susana,Guierre,sguierrei8@sbwire.com,$10000.00,630855035,2024-07-20 04:37:58
658,Roobbie,Aindriu,raindriui9@independent.co.uk,$10000.00,487950109,2024-05-26 07:22:15
659,Wilton,Sallans,wsallansia@kickstarter.com,$10000.00,028898742,2025-03-17 07:10:46
660,Bethina,Sutherley,bsutherleyib@ebay.com,$10000.00,980725757,2024-01-03 03:54:16
661,Chan,Manketell,cmanketellic@bbb.org,$10000.00,889373512,2024-11-15 22:47:53
662,Wanda,Mathie,wmathieid@taobao.com,$10000.00,233439470,2024-05-02 09:40:05
663,Obediah,Hampshaw,ohampshawie@google.fr,$10000.00,606767619,2024-07-31 23:21:06
664,Floyd,Gotecliffe,fgotecliffeif@tinypic.com,$10000.00,268555415,2025-01-09 22:12:28
665,Charmain,Garbutt,cgarbuttig@ted.com,$10000.00,472127503,2024-05-15 14:56:33
666,Jessey,McKue,jmckueih@lulu.com,$10000.00,162370793,2024-05-29 11:22:17
667,Loren,Sill,lsillii@google.pl,$10000.00,967349547,2024-08-21 14:04:40
668,Simona,Chsteney,schsteneyij@marketwatch.com,$10000.00,161527059,2024-10-25 23:45:03
669,Lindy,Craxford,lcraxfordik@free.fr,$10000.00,328094141,2025-04-20 11:13:17
670,Kipper,Sunshine,ksunshineil@umn.edu,$10000.00,553389607,2024-07-24 00:32:59
671,Ruy,Kinker,rkinkerim@bloglines.com,$10000.00,905288549,2024-08-12 17:26:50
672,Sterne,Brandli,sbrandliin@ameblo.jp,$10000.00,016792755,2025-04-23 20:33:06
673,Rahel,Daftor,rdaftorio@github.io,$10000.00,153914467,2024-08-27 02:10:18
674,Ranique,Raffeorty,rraffeortyip@list-manage.com,$10000.00,495612582,2024-10-07 16:24:36
675,Luce,McGavin,lmcgaviniq@unicef.org,$10000.00,106477313,2024-10-09 01:43:33
676,Julienne,Geydon,jgeydonir@about.com,$10000.00,466121543,2025-02-21 08:06:59
677,Karna,Dreng,kdrengis@reverbnation.com,$10000.00,128550899,2025-05-13 20:12:30
678,Gertruda,Craig,gcraigit@hostgator.com,$10000.00,219740152,2024-08-13 14:04:29
679,Arabel,Klink,aklinkiu@smugmug.com,$10000.00,462037244,2025-01-24 09:14:51
680,Madeleine,Sieb,msiebiv@blog.com,$10000.00,186782381,2024-09-15 01:50:29
681,Gerda,Ridgwell,gridgwelliw@tumblr.com,$10000.00,605621058,2024-09-12 15:43:06
682,Loralie,Frow,lfrowix@scribd.com,$10000.00,858182631,2024-06-27 21:49:52
683,Kassey,Bouttell,kbouttelliy@cargocollective.com,$10000.00,371556173,2024-01-26 16:44:08
684,Elisabeth,Streatley,estreatleyiz@nationalgeographic.com,$10000.00,641622159,2024-02-27 12:56:41
685,Kylynn,Eltringham,keltringhamj0@google.co.uk,$10000.00,333131626,2025-03-28 13:32:56
686,Jedediah,Worsam,jworsamj1@ftc.gov,$10000.00,190701182,2024-12-23 13:56:12
687,Marthena,Morter,mmorterj2@cocolog-nifty.com,$10000.00,851360427,2025-01-16 05:02:11
688,Brynn,Fritchly,bfritchlyj3@ebay.co.uk,$10000.00,694723740,2025-02-28 06:07:08
689,Kristin,Parkinson,kparkinsonj4@berkeley.edu,$10000.00,813616592,2024-04-04 12:59:27
690,Zia,Ponnsett,zponnsettj5@twitter.com,$10000.00,290865674,2024-03-17 19:56:13
691,Halimeda,Labden,hlabdenj6@mozilla.com,$10000.00,939197292,2025-02-03 16:01:58
692,Walsh,Burrus,wburrusj7@livejournal.com,$10000.00,861305753,2024-10-12 09:27:50
693,Ernst,Arger,eargerj8@utexas.edu,$10000.00,031150038,2024-04-25 07:40:28
694,Janelle,Jest,jjestj9@kickstarter.com,$10000.00,564232755,2024-06-08 02:52:39
695,Uta,Kellett,ukellettja@rakuten.co.jp,$10000.00,040320619,2024-06-11 14:16:39
696,Angeli,Tiron,atironjb@bravesites.com,$10000.00,734612506,2024-06-29 15:42:54
697,Doralia,Eede,deedejc@deviantart.com,$10000.00,272998404,2024-08-21 08:12:31
698,Catina,Spivie,cspiviejd@blogs.com,$10000.00,609504248,2025-03-01 08:27:06
699,Cecelia,Vigus,cvigusje@vkontakte.ru,$10000.00,547040982,2024-07-24 14:56:14
700,Cassandra,Mumberson,cmumbersonjf@bigcartel.com,$10000.00,328002973,2024-08-25 01:14:57
701,Leah,Matusson,lmatussonjg@oracle.com,$10000.00,873040469,2024-07-06 09:43:36
702,Phillie,Scrauniage,pscrauniagejh@t.co,$10000.00,597015521,2024-05-09 08:13:53
703,Daffy,Magauran,dmagauranji@t.co,$10000.00,825108378,2024-08-01 09:40:39
704,Bird,Cullum,bcullumjj@cpanel.net,$10000.00,065900928,2024-09-30 09:51:34
705,Daren,McLise,dmclisejk@webmd.com,$10000.00,452366642,2025-04-05 16:37:53
706,Goddart,Flooks,gflooksjl@uiuc.edu,$10000.00,175815050,2024-08-21 15:02:33
707,Mattie,Duly,mdulyjm@elegantthemes.com,$10000.00,663394543,2024-12-28 17:53:45
708,Kev,Pelcheur,kpelcheurjn@noaa.gov,$10000.00,375935560,2025-01-06 20:13:16
709,Lancelot,Birtwistle,lbirtwistlejo@state.gov,$10000.00,935728986,2024-10-10 22:25:31
710,Randi,Botha,rbothajp@yellowbook.com,$10000.00,145226208,2024-09-28 16:18:09
711,Cynde,Doe,cdoejq@xinhuanet.com,$10000.00,817053137,2024-09-06 18:55:18
712,Adriena,Shilton,ashiltonjr@google.pl,$10000.00,164753437,2025-01-14 16:33:24
713,Huntlee,Bucktharp,hbucktharpjs@plala.or.jp,$10000.00,853092272,2024-09-14 19:41:51
714,Granny,Seaborne,gseabornejt@flickr.com,$10000.00,038832045,2025-03-23 16:43:10
715,Lucas,Pascoe,lpascoeju@rambler.ru,$10000.00,833595274,2024-03-09 06:23:10
716,Imogene,Kobisch,ikobischjv@barnesandnoble.com,$10000.00,582147712,2024-11-28 17:52:26
717,Tessie,Osborn,tosbornjw@cdc.gov,$10000.00,236784812,2024-06-04 00:20:40
718,Dona,Burdess,dburdessjx@gnu.org,$10000.00,791934243,2024-12-20 11:55:03
719,Evy,Mechem,emechemjy@amazonaws.com,$10000.00,414663889,2024-11-15 08:31:46
720,Peadar,Rathbone,prathbonejz@dell.com,$10000.00,408409845,2024-03-20 11:52:12
721,Otis,Geffinger,ogeffingerk0@cafepress.com,$10000.00,036376885,2024-03-28 14:24:38
722,Teodoor,Kelway,tkelwayk1@cbc.ca,$10000.00,609589834,2024-06-26 02:35:49
723,Lee,Brandts,lbrandtsk2@fotki.com,$10000.00,405561629,2024-03-17 23:59:47
724,Avrit,Disbrey,adisbreyk3@amazon.de,$10000.00,878833460,2024-02-15 12:01:47
725,Clementia,Klasen,cklasenk4@hc360.com,$10000.00,356157170,2025-05-22 23:00:22
726,Jill,Yea,jyeak5@sina.com.cn,$10000.00,050645308,2024-11-04 10:52:53
727,Saxon,Chishull,schishullk6@newsvine.com,$10000.00,457077207,2024-10-08 12:23:21
728,Neil,Kenwell,nkenwellk7@mapquest.com,$10000.00,293912795,2024-09-12 13:31:58
729,Skip,Kirton,skirtonk8@walmart.com,$10000.00,400386363,2024-09-19 14:29:38
730,Aileen,Tackes,atackesk9@nature.com,$10000.00,575204754,2025-04-12 04:13:10
731,Dasha,Trevor,dtrevorka@ox.ac.uk,$10000.00,294844338,2024-10-14 22:48:38
732,Shalne,Issacoff,sissacoffkb@domainmarket.com,$10000.00,654373535,2024-02-28 16:54:04
733,Tera,Bachs,tbachskc@bbb.org,$10000.00,357310721,2024-05-08 08:02:46
734,Svend,Dewi,sdewikd@columbia.edu,$10000.00,710980239,2024-12-21 02:26:12
735,Raquel,Baudinet,rbaudinetke@acquirethisname.com,$10000.00,182594880,2024-10-18 10:49:46
736,Morie,Hedgeman,mhedgemankf@soup.io,$10000.00,282783803,2024-05-10 07:59:49
737,Marve,Chastang,mchastangkg@people.com.cn,$10000.00,670474048,2025-01-25 16:25:16
738,Lem,Haydney,lhaydneykh@adobe.com,$10000.00,993995678,2025-02-19 13:53:11
739,Amil,Selliman,asellimanki@slashdot.org,$10000.00,080815559,2025-05-22 21:00:00
740,Louis,Coatham,lcoathamkj@wufoo.com,$10000.00,953572627,2024-07-19 18:00:54
741,Allistir,Alcido,aalcidokk@dailymotion.com,$10000.00,591328022,2024-05-23 18:04:23
742,Alethea,Bezemer,abezemerkl@moonfruit.com,$10000.00,278006399,2025-05-03 15:08:18
743,Jordon,Kwietek,jkwietekkm@google.com,$10000.00,104356653,2024-02-14 19:19:57
744,Aubrey,Joppich,ajoppichkn@rakuten.co.jp,$10000.00,043358050,2024-10-28 21:22:55
745,Moina,Pridding,mpriddingko@indiatimes.com,$10000.00,548093941,2024-12-02 04:43:04
746,Douglas,Auton,dautonkp@exblog.jp,$10000.00,676873020,2024-04-09 10:53:07
747,Angelica,Kincade,akincadekq@ucla.edu,$10000.00,028608189,2024-10-14 13:56:08
748,Berny,Prigmore,bprigmorekr@opera.com,$10000.00,944053773,2024-01-25 23:42:26
749,Jami,Loughney,jloughneyks@deliciousdays.com,$10000.00,970432268,2024-08-26 08:55:21
750,Ade,Mephan,amephankt@uol.com.br,$10000.00,223942930,2024-08-04 00:31:38
751,Darelle,Ovanesian,dovanesianku@stanford.edu,$10000.00,900530098,2024-02-09 17:44:36
752,Humphrey,Lowin,hlowinkv@marriott.com,$10000.00,330935876,2024-05-06 04:45:11
753,Giorgio,Drennan,gdrennankw@deviantart.com,$10000.00,891011727,2024-07-19 19:57:52
754,Yard,Gilpin,ygilpinkx@mayoclinic.com,$10000.00,793492390,2024-04-27 23:02:35
755,Edy,Cradock,ecradockky@qq.com,$10000.00,928395616,2024-12-17 06:14:05
756,Valaree,Robelow,vrobelowkz@photobucket.com,$10000.00,318503798,2024-01-19 15:28:53
757,Tallulah,Drogan,tdroganl0@xing.com,$10000.00,041620936,2024-08-17 22:18:16
758,Gregoire,Jurgenson,gjurgensonl1@businessweek.com,$10000.00,761113818,2024-05-28 13:11:03
759,Caro,Sent,csentl2@delicious.com,$10000.00,697590542,2024-03-12 06:23:02
760,Felita,Prickett,fprickettl3@unesco.org,$10000.00,105231325,2024-11-24 03:32:11
761,Shandee,Swannack,sswannackl4@tripod.com,$10000.00,101765171,2024-03-20 10:19:41
762,Clywd,Pigford,cpigfordl5@samsung.com,$10000.00,431742499,2024-03-26 03:50:45
763,Caritta,Moberley,cmoberleyl6@sitemeter.com,$10000.00,803195761,2025-03-26 15:28:24
764,Regan,Geroldo,rgeroldol7@berkeley.edu,$10000.00,022663588,2024-08-15 12:58:57
765,Halley,Cogman,hcogmanl8@chronoengine.com,$10000.00,610818153,2024-01-02 14:13:02
766,Dredi,Heintz,dheintzl9@cam.ac.uk,$10000.00,732792990,2024-10-11 15:59:25
767,Arlette,Ragot,aragotla@dailymotion.com,$10000.00,443732176,2025-03-24 11:59:22
768,Melita,Blinder,mblinderlb@bigcartel.com,$10000.00,821044437,2024-12-03 23:48:25
769,Beverley,Debow,bdebowlc@virginia.edu,$10000.00,745205096,2024-09-23 06:27:27
770,Corey,Eton,cetonld@ycombinator.com,$10000.00,023148719,2024-01-27 11:15:48
771,Iver,Durgan,idurganle@senate.gov,$10000.00,702448612,2025-02-03 21:44:05
772,Bel,Dumphrey,bdumphreylf@constantcontact.com,$10000.00,106260575,2024-03-05 14:26:25
773,Earvin,Raxworthy,eraxworthylg@simplemachines.org,$10000.00,139572956,2024-02-29 13:52:47
774,Tammy,Klementz,tklementzlh@cbc.ca,$10000.00,064120971,2024-03-20 11:10:19
775,Sidonia,Povah,spovahli@fema.gov,$10000.00,197683150,2024-11-07 20:23:54
776,Bee,Parradine,bparradinelj@msn.com,$10000.00,030629191,2024-09-14 20:59:11
777,Fifi,Culross,fculrosslk@netvibes.com,$10000.00,318341644,2024-04-13 06:10:06
778,Gay,Pattullo,gpattulloll@amazon.de,$10000.00,196233493,2024-09-04 17:34:19
779,Fransisco,Raymont,fraymontlm@usgs.gov,$10000.00,435738791,2024-08-04 03:33:24
780,Alexandr,Dybell,adybellln@sphinn.com,$10000.00,421884952,2024-03-23 19:35:58
781,Bengt,Lush,blushlo@4shared.com,$10000.00,015102620,2025-01-25 11:33:51
782,Janaye,Kabsch,jkabschlp@merriam-webster.com,$10000.00,476412354,2024-10-01 23:15:12
783,Carol-jean,Glas,cglaslq@indiatimes.com,$10000.00,609132687,2024-04-19 14:02:34
784,Deni,Godbert,dgodbertlr@kickstarter.com,$10000.00,990656130,2024-12-23 04:39:23
785,Christian,Milmo,cmilmols@sina.com.cn,$10000.00,945883479,2024-08-28 04:18:41
786,Jameson,Kobel,jkobellt@mtv.com,$10000.00,851242823,2024-12-20 16:19:52
787,Philomena,Oakland,poaklandlu@amazon.co.jp,$10000.00,109359530,2025-05-05 02:07:32
788,Aland,Caccavari,acaccavarilv@wix.com,$10000.00,180731901,2024-12-16 15:07:14
789,Glynda,Brewer,gbrewerlw@msu.edu,$10000.00,302756556,2024-08-10 20:33:36
790,Judy,Philimore,jphilimorelx@gov.uk,$10000.00,824173437,2024-09-14 05:45:35
791,Brit,Fronzek,bfronzekly@ebay.com,$10000.00,781156292,2024-12-07 07:35:44
792,Ferrel,Brame,fbramelz@nymag.com,$10000.00,824958476,2024-06-25 13:25:50
793,Bunni,Lambarton,blambartonm0@zdnet.com,$10000.00,586879084,2024-10-09 13:39:12
794,Cheryl,Jeannequin,cjeannequinm1@cornell.edu,$10000.00,171463602,2024-11-27 01:11:21
795,Arnaldo,Tallach,atallachm2@mysql.com,$10000.00,033644479,2024-05-27 18:35:17
796,Noni,McKintosh,nmckintoshm3@dedecms.com,$10000.00,316548971,2025-05-02 05:29:42
797,Robb,Thrush,rthrushm4@msn.com,$10000.00,723925690,2024-02-05 14:47:56
798,Caty,Picopp,cpicoppm5@oakley.com,$10000.00,194152622,2024-05-10 04:44:23
799,Hermione,Comerford,hcomerfordm6@bandcamp.com,$10000.00,030030724,2024-10-16 11:15:18
800,Berrie,Rabb,brabbm7@hc360.com,$10000.00,601919897,2024-09-02 08:09:20
801,Reagen,Swede,rswedem8@shutterfly.com,$10000.00,483226382,2024-07-11 00:41:27
802,Shelton,Dunbar,sdunbarm9@miibeian.gov.cn,$10000.00,675348614,2024-09-14 19:35:00
803,Alfy,Pothbury,apothburyma@dot.gov,$10000.00,992527319,2024-07-19 15:13:01
804,Ashley,Acome,aacomemb@cnn.com,$10000.00,515147899,2024-05-06 18:47:49
805,Chico,Hampshire,champshiremc@tripod.com,$10000.00,416760718,2024-11-28 20:48:26
806,Carita,Norsister,cnorsistermd@blogs.com,$10000.00,545793490,2025-03-24 11:44:24
807,Chryste,Rohmer,crohmerme@sakura.ne.jp,$10000.00,027692816,2024-12-11 19:22:49
808,Fitzgerald,McKilroe,fmckilroemf@storify.com,$10000.00,837190617,2024-08-29 20:57:08
809,Waldon,Hay,whaymg@aol.com,$10000.00,205021936,2024-02-26 06:06:43
810,Corabel,Deners,cdenersmh@t.co,$10000.00,324334273,2024-10-20 08:12:59
811,Iris,Schuelcke,ischuelckemi@xing.com,$10000.00,858856391,2024-02-18 05:18:03
812,Heidie,Mincher,hminchermj@bloglines.com,$10000.00,481371406,2024-08-25 09:55:01
813,Tybie,Saleway,tsalewaymk@apache.org,$10000.00,095827262,2024-04-02 11:03:41
814,Crissie,Warcup,cwarcupml@blinklist.com,$10000.00,731156040,2024-06-07 07:47:29
815,Mike,Enever,menevermm@shop-pro.jp,$10000.00,450263674,2024-03-16 03:28:01
816,Shurlock,Geare,sgearemn@wunderground.com,$10000.00,881680297,2024-02-19 00:32:28
817,Dianne,Paolicchi,dpaolicchimo@google.ru,$10000.00,664985156,2024-10-22 13:59:50
818,Giordano,Presswell,gpresswellmp@unesco.org,$10000.00,234020948,2024-09-06 03:47:49
819,Susan,Issett,sissettmq@newsvine.com,$10000.00,757795314,2024-06-18 13:56:32
820,Pinchas,Frissell,pfrissellmr@tamu.edu,$10000.00,927289016,2024-11-17 11:29:48
821,Sherlock,Quainton,squaintonms@auda.org.au,$10000.00,676962536,2024-12-11 12:07:25
822,Chevalier,Oldale,coldalemt@histats.com,$10000.00,530893272,2024-06-09 03:45:29
823,Nat,Clive,nclivemu@europa.eu,$10000.00,832416214,2025-03-15 08:04:04
824,Elga,Zimek,ezimekmv@over-blog.com,$10000.00,439826611,2025-01-11 11:20:58
825,Johannah,Loft,jloftmw@issuu.com,$10000.00,184447404,2024-05-06 22:19:45
826,Rollins,Hawes,rhawesmx@networkadvertising.org,$10000.00,055180679,2025-02-08 10:00:22
827,Yehudi,Snibson,ysnibsonmy@spiegel.de,$10000.00,717765395,2024-03-09 10:42:26
828,Corbin,Wilcher,cwilchermz@instagram.com,$10000.00,011930671,2024-03-11 00:56:27
829,Atalanta,Missen,amissenn0@huffingtonpost.com,$10000.00,793800243,2024-05-02 20:49:47
830,Aubrette,Calvert,acalvertn1@intel.com,$10000.00,942627412,2025-05-14 11:11:01
831,Wittie,Brands,wbrandsn2@mail.ru,$10000.00,089424713,2024-12-16 21:31:47
832,Ofella,Mateo,omateon3@t.co,$10000.00,653430038,2025-01-09 05:41:16
833,Marji,Ellick,mellickn4@nytimes.com,$10000.00,664858703,2025-01-23 03:00:04
834,Jacinta,Pfeffel,jpfeffeln5@opensource.org,$10000.00,186132416,2025-03-22 13:05:03
835,Jamaal,Hankins,jhankinsn6@lycos.com,$10000.00,183787674,2024-04-06 19:55:22
836,Hedwig,Risso,hrisson7@ifeng.com,$10000.00,020764531,2024-04-04 08:07:08
837,Tessa,Ruffy,truffyn8@va.gov,$10000.00,950454276,2024-06-27 06:20:19
838,Cooper,Aubri,caubrin9@twitpic.com,$10000.00,207420480,2025-01-20 13:09:32
839,Hermine,Aldwich,haldwichna@upenn.edu,$10000.00,080942170,2024-02-20 15:20:05
840,Stacia,Vian,sviannb@google.fr,$10000.00,150046075,2024-03-23 16:35:34
841,Kacie,Thunnercliffe,kthunnercliffenc@timesonline.co.uk,$10000.00,444715048,2024-02-17 15:25:17
842,Barrie,Seczyk,bseczyknd@about.com,$10000.00,182764613,2024-02-02 19:41:26
843,Letitia,Curson,lcursonne@bravesites.com,$10000.00,438905195,2025-02-06 08:22:30
844,Ode,Passler,opasslernf@mtv.com,$10000.00,182236746,2024-08-26 06:56:29
845,Dianne,Rannald,drannaldng@imdb.com,$10000.00,915628185,2024-01-28 15:19:02
846,Hubie,Poleykett,hpoleykettnh@webeden.co.uk,$10000.00,415190438,2024-12-04 05:09:59
847,Ynez,Guice,yguiceni@netscape.com,$10000.00,354237307,2024-11-18 10:19:35
848,Callean,Gillebride,cgillebridenj@independent.co.uk,$10000.00,371568874,2024-01-04 06:24:40
849,Nissa,Bonin,nboninnk@bbc.co.uk,$10000.00,399324538,2025-03-11 00:12:09
850,Morissa,Lilleyman,mlilleymannl@so-net.ne.jp,$10000.00,454384623,2024-07-18 12:32:25
851,Tasia,Clementi,tclementinm@forbes.com,$10000.00,604751956,2025-05-04 10:31:08
852,Alix,Braisted,abraistednn@rakuten.co.jp,$10000.00,031140686,2024-07-28 02:08:43
853,Griz,Tolley,gtolleyno@walmart.com,$10000.00,924766135,2025-01-26 08:05:31
854,Skyler,Baumaier,sbaumaiernp@cnbc.com,$10000.00,552699202,2025-04-12 07:27:29
855,Levey,Carme,lcarmenq@google.es,$10000.00,853268967,2024-06-12 03:17:09
856,Anne,MacGinley,amacginleynr@yahoo.com,$10000.00,640911010,2025-04-12 05:45:10
857,Yank,Reace,yreacens@utexas.edu,$10000.00,077561281,2024-11-04 20:19:18
858,Hyacinthie,Checchi,hchecchint@nps.gov,$10000.00,443910474,2024-10-22 00:41:12
859,Hyacinth,Mulholland,hmulhollandnu@hud.gov,$10000.00,692593255,2024-05-02 11:50:14
860,Ewan,Carslake,ecarslakenv@bloglovin.com,$10000.00,921210792,2024-07-16 16:43:44
861,Faustina,Greenwell,fgreenwellnw@cloudflare.com,$10000.00,227511599,2024-02-05 14:38:48
862,Grady,Vial,gvialnx@cbslocal.com,$10000.00,667379873,2024-04-08 15:11:39
863,Robers,Geeves,rgeevesny@diigo.com,$10000.00,986344130,2025-05-24 04:09:18
864,Benedikt,Haffner,bhaffnernz@alibaba.com,$10000.00,563304394,2024-02-23 08:46:07
865,Juli,Delyth,jdelytho0@usda.gov,$10000.00,852275448,2024-09-10 18:49:49
866,Jordain,Danigel,jdanigelo1@dropbox.com,$10000.00,186382354,2025-02-26 17:00:58
867,Quintilla,Erlam,qerlamo2@printfriendly.com,$10000.00,016629441,2024-04-28 12:11:05
868,Kenny,Daveran,kdaverano3@cdbaby.com,$10000.00,816399897,2024-09-20 09:51:30
869,Raoul,Karleman,rkarlemano4@google.com.au,$10000.00,830342662,2024-08-23 11:28:07
870,Rebekkah,Nevins,rnevinso5@artisteer.com,$10000.00,536767383,2024-01-22 18:56:54
871,Ashli,Schiementz,aschiementzo6@phoca.cz,$10000.00,447524778,2024-01-30 11:43:17
872,Son,McWilliams,smcwilliamso7@furl.net,$10000.00,107648666,2024-05-22 03:13:50
873,Devy,Abdy,dabdyo8@zimbio.com,$10000.00,759117788,2024-03-31 16:38:44
874,Donalt,Tickner,dticknero9@weather.com,$10000.00,118310317,2024-08-26 23:25:25
875,Danice,Worster,dworsteroa@unicef.org,$10000.00,036639054,2025-04-02 12:58:18
876,Had,Nilges,hnilgesob@yahoo.com,$10000.00,912987342,2025-05-24 09:24:10
877,Candie,Gummow,cgummowoc@homestead.com,$10000.00,937397564,2024-09-09 06:44:13
878,Emmanuel,Conaghy,econaghyod@cnet.com,$10000.00,529729456,2024-04-26 05:05:53
879,Chicky,McWhinnie,cmcwhinnieoe@usatoday.com,$10000.00,374658152,2025-01-11 15:09:43
880,Noelani,Dudden,nduddenof@foxnews.com,$10000.00,658446253,2024-12-19 22:09:41
881,Ermin,Eakens,eeakensog@statcounter.com,$10000.00,066362789,2024-02-18 15:28:22
882,Thain,Raund,traundoh@hud.gov,$10000.00,269023230,2024-09-16 23:55:44
883,Richmond,Forstall,rforstalloi@hhs.gov,$10000.00,619997213,2024-08-03 11:25:04
884,Lura,Wakeham,lwakehamoj@artisteer.com,$10000.00,399577686,2025-05-10 11:56:53
885,Lucina,Leversuch,lleversuchok@myspace.com,$10000.00,012756675,2024-07-26 17:18:19
886,Therese,Grimsdell,tgrimsdellol@marketwatch.com,$10000.00,346509161,2025-05-23 02:24:24
887,Clayborn,Kik,ckikom@ebay.co.uk,$10000.00,492586416,2024-11-09 20:41:44
888,Malachi,Marien,mmarienon@auda.org.au,$10000.00,815982914,2025-03-13 01:00:40
889,Goran,Marielle,gmarielleoo@vk.com,$10000.00,122803953,2025-05-11 08:35:48
890,Yancy,McMakin,ymcmakinop@yolasite.com,$10000.00,137571067,2024-12-11 14:35:56
891,Vanna,Lammerts,vlammertsoq@google.co.jp,$10000.00,313056753,2024-03-04 00:49:13
892,Freddie,Fleming,fflemingor@rambler.ru,$10000.00,556792577,2024-02-29 04:52:43
893,Ed,McElhinney,emcelhinneyos@photobucket.com,$10000.00,013331342,2025-01-07 13:49:16
894,Michelina,Heck,mheckot@usnews.com,$10000.00,363408673,2024-07-08 00:34:54
895,Jemmy,Renihan,jrenihanou@posterous.com,$10000.00,333503624,2025-01-26 21:39:59
896,Tabbatha,Weathers,tweathersov@fotki.com,$10000.00,774200686,2024-04-27 23:33:01
897,Windy,Vaskin,wvaskinow@artisteer.com,$10000.00,975265941,2024-10-28 00:56:06
898,Bruno,Labroue,blabroueox@tuttocitta.it,$10000.00,180674998,2025-04-16 12:50:43
899,Rossy,Hurd,rhurdoy@istockphoto.com,$10000.00,580004555,2024-05-18 00:23:43
900,Gussie,Bendall,gbendalloz@amazon.co.jp,$10000.00,968447629,2025-04-23 21:04:27
901,Zora,Stretton,zstrettonp0@is.gd,$10000.00,445720702,2024-01-09 17:19:58
902,Dannye,Scrowson,dscrowsonp1@homestead.com,$10000.00,824306939,2024-02-05 14:47:51
903,Jasmine,Featherstonhaugh,jfeatherstonhaughp2@census.gov,$10000.00,090167506,2024-09-29 00:56:33
904,Farlay,Carlisso,fcarlissop3@domainmarket.com,$10000.00,545807257,2025-05-17 02:10:37
905,Simonette,Crysell,scrysellp4@wordpress.org,$10000.00,714456962,2024-01-06 21:13:45
906,Julia,Scrase,jscrasep5@statcounter.com,$10000.00,539944709,2024-01-15 00:04:42
907,Francisco,Marcq,fmarcqp6@surveymonkey.com,$10000.00,807578433,2024-04-30 15:09:25
908,Aldrich,Cassar,acassarp7@theglobeandmail.com,$10000.00,877289896,2024-01-12 19:14:19
909,Dasie,Bearward,dbearwardp8@t.co,$10000.00,763933319,2024-11-01 18:44:55
910,Urbain,Jocic,ujocicp9@vkontakte.ru,$10000.00,162388316,2024-07-23 17:55:12
911,Susana,Pickston,spickstonpa@umich.edu,$10000.00,161511607,2024-04-18 20:33:47
912,Zaneta,Earsman,zearsmanpb@comsenz.com,$10000.00,918804160,2024-05-30 07:53:52
913,Xenos,Elliff,xelliffpc@boston.com,$10000.00,910530794,2024-10-18 05:07:26
914,Riki,Castana,rcastanapd@oaic.gov.au,$10000.00,374069711,2024-04-16 06:47:14
915,Basilio,Curbishley,bcurbishleype@gmpg.org,$10000.00,183870147,2024-11-28 04:34:14
916,Erasmus,Soames,esoamespf@geocities.com,$10000.00,619261050,2024-07-23 13:18:50
917,Tom,Waggitt,twaggittpg@g.co,$10000.00,517601136,2024-10-02 09:59:20
918,Derwin,Seniour,dseniourph@macromedia.com,$10000.00,581699826,2025-03-25 10:34:17
919,Oren,Jamblin,ojamblinpi@tinyurl.com,$10000.00,201600725,2024-11-16 08:18:35
920,Sonny,Gillyatt,sgillyattpj@newyorker.com,$10000.00,615329203,2024-12-18 02:03:11
921,Nikolai,Bearns,nbearnspk@slideshare.net,$10000.00,095960718,2025-02-14 20:44:08
922,Crissy,Whitelaw,cwhitelawpl@harvard.edu,$10000.00,399515081,2024-03-14 06:49:10
923,Florina,Pallant,fpallantpm@washington.edu,$10000.00,472876436,2024-01-10 06:45:48
924,Rosabella,Follet,rfolletpn@hao123.com,$10000.00,944749835,2024-10-18 13:25:06
925,Wain,Schulkins,wschulkinspo@latimes.com,$10000.00,339997887,2024-09-15 17:30:55
926,Steffane,Harvatt,sharvattpp@ifeng.com,$10000.00,193285428,2024-05-20 10:45:14
927,Chlo,Greiser,cgreiserpq@howstuffworks.com,$10000.00,125149926,2024-12-26 18:55:49
928,Dominga,Betun,dbetunpr@google.ru,$10000.00,706095000,2024-03-14 13:05:18
929,Yuma,Jurick,yjurickps@who.int,$10000.00,013347070,2024-03-18 08:21:13
930,Becky,Beddis,bbeddispt@amazonaws.com,$10000.00,160686449,2024-10-25 13:03:49
931,Cami,Hutton,chuttonpu@mozilla.org,$10000.00,463597806,2025-05-02 17:06:43
932,Aurora,De Hailes,adehailespv@google.es,$10000.00,110427535,2025-01-20 00:13:42
933,Niccolo,Verryan,nverryanpw@studiopress.com,$10000.00,275127444,2025-03-07 00:54:01
934,Virge,Blasiak,vblasiakpx@nhs.uk,$10000.00,048353649,2024-10-29 17:20:22
935,Aguste,Hardison,ahardisonpy@bloglines.com,$10000.00,716813229,2024-08-03 08:15:30
936,Quinton,Wimes,qwimespz@blogs.com,$10000.00,038144777,2025-05-21 23:11:27
937,Shelden,Chellam,schellamq0@pen.io,$10000.00,475755928,2024-07-13 03:57:49
938,Leanor,Perryn,lperrynq1@macromedia.com,$10000.00,723467190,2024-11-20 10:07:09
939,Freedman,Millan,fmillanq2@skype.com,$10000.00,520630857,2025-05-17 19:18:26
940,Base,Lezemere,blezemereq3@cpanel.net,$10000.00,315379675,2024-05-31 21:53:30
941,Kinna,Coveney,kcoveneyq4@comcast.net,$10000.00,445657232,2024-05-07 11:05:22
942,Essie,Boomes,eboomesq5@livejournal.com,$10000.00,843789716,2024-09-12 15:16:09
943,Northrop,Mewe,nmeweq6@ox.ac.uk,$10000.00,008407947,2024-12-31 13:21:25
944,Lidia,Glassford,lglassfordq7@hibu.com,$10000.00,460178754,2024-04-03 06:05:32
945,Karrie,Philbrick,kphilbrickq8@gravatar.com,$10000.00,004161369,2025-01-18 13:00:30
946,Mannie,Gilfillan,mgilfillanq9@spotify.com,$10000.00,881250596,2025-02-07 09:12:20
947,Barrett,Ciccerale,bcicceraleqa@bloglines.com,$10000.00,199956669,2024-08-17 20:21:32
948,Chic,Gare,cgareqb@independent.co.uk,$10000.00,823594183,2024-09-22 13:59:28
949,Barde,Pawnsford,bpawnsfordqc@de.vu,$10000.00,191882267,2024-02-29 22:21:28
950,Barbey,Niles,bnilesqd@bravesites.com,$10000.00,355767592,2024-11-17 04:03:18
951,Juana,Sciacovelli,jsciacovelliqe@cbsnews.com,$10000.00,301732836,2024-08-17 17:55:36
952,Maurizia,Lamberts,mlambertsqf@123-reg.co.uk,$10000.00,434472202,2024-04-04 15:46:21
953,Emilie,Medcalf,emedcalfqg@utexas.edu,$10000.00,684175204,2025-04-13 21:44:50
954,Shem,Launchbury,slaunchburyqh@tumblr.com,$10000.00,141069495,2024-03-30 15:27:59
955,Alica,Feldheim,afeldheimqi@sourceforge.net,$10000.00,726618453,2024-05-02 03:56:03
956,Kelly,Mays,kmaysqj@meetup.com,$10000.00,091062346,2024-12-18 15:31:24
957,Josh,Fossitt,jfossittqk@sciencedaily.com,$10000.00,333741382,2024-07-11 20:10:56
958,Sherlocke,Darth,sdarthql@msn.com,$10000.00,261460762,2024-05-22 18:20:09
959,Nat,Steeden,nsteedenqm@biglobe.ne.jp,$10000.00,258430701,2024-01-14 00:43:30
960,Blinnie,Tremayne,btremayneqn@macromedia.com,$10000.00,369510016,2024-11-18 14:25:20
961,Ardelia,Critcher,acritcherqo@csmonitor.com,$10000.00,920919981,2024-11-26 12:10:12
962,Jennine,Lyste,jlysteqp@dailymotion.com,$10000.00,500036278,2024-08-07 17:43:13
963,Dale,Bowcher,dbowcherqq@youtu.be,$10000.00,895805641,2024-09-23 10:39:26
964,Scarface,Latchmore,slatchmoreqr@mapquest.com,$10000.00,673540908,2024-02-20 14:24:40
965,Evvy,Morrallee,emorralleeqs@vinaora.com,$10000.00,778816193,2024-06-09 14:33:26
966,Robinet,Bartkiewicz,rbartkiewiczqt@google.com,$10000.00,371461706,2024-03-14 12:30:59
967,Prissie,Tapsell,ptapsellqu@sohu.com,$10000.00,299438321,2024-12-27 05:32:04
968,Josias,Yakovliv,jyakovlivqv@etsy.com,$10000.00,058590602,2024-12-05 23:34:49
969,Gloriana,Selwood,gselwoodqw@cbsnews.com,$10000.00,450101340,2025-03-21 06:44:18
970,Candy,Pozzi,cpozziqx@twitter.com,$10000.00,820858763,2024-11-08 01:21:53
971,Filippo,Pullin,fpullinqy@bandcamp.com,$10000.00,165011744,2024-05-06 20:11:46
972,Pamelina,Scotchmore,pscotchmoreqz@furl.net,$10000.00,573033530,2024-01-14 01:40:35
973,Wynny,Gaddesby,wgaddesbyr0@ifeng.com,$10000.00,359170500,2024-01-11 19:59:52
974,Margarethe,Kelshaw,mkelshawr1@craigslist.org,$10000.00,145584162,2024-01-01 11:37:13
975,Bernie,Keeble,bkeebler2@php.net,$10000.00,313215717,2024-06-29 08:42:00
976,Jacenta,MacDaid,jmacdaidr3@vimeo.com,$10000.00,891099638,2024-06-03 07:52:52
977,Ewan,Bruhnicke,ebruhnicker4@sun.com,$10000.00,718593380,2024-11-28 00:13:56
978,Kynthia,Ellcome,kellcomer5@omniture.com,$10000.00,034100755,2024-09-06 11:36:09
979,Vassily,McCullogh,vmcculloghr6@usda.gov,$10000.00,922774426,2024-07-02 02:18:00
980,Patricio,Hartless,phartlessr7@meetup.com,$10000.00,476561917,2024-12-16 12:44:56
981,Aldon,Wiseman,awisemanr8@toplist.cz,$10000.00,506675662,2024-04-23 08:35:01
982,Dredi,Baillie,dbaillier9@examiner.com,$10000.00,936183399,2024-11-11 05:15:04
983,Gabey,Byrd,gbyrdra@independent.co.uk,$10000.00,475702349,2024-10-29 12:36:30
984,Shanie,Goncaves,sgoncavesrb@addthis.com,$10000.00,558398649,2025-04-14 19:22:46
985,Caye,Cronkshaw,ccronkshawrc@furl.net,$10000.00,976180526,2025-04-22 01:03:08
986,Robinetta,Gregs,rgregsrd@msn.com,$10000.00,188144256,2025-02-16 10:49:12
987,Port,Buttress,pbuttressre@bizjournals.com,$10000.00,328873230,2025-05-10 21:00:38
988,Shannah,Ronci,sroncirf@tripadvisor.com,$10000.00,567597176,2025-04-27 18:41:49
989,Ginny,Ranken,grankenrg@kickstarter.com,$10000.00,174270652,2025-01-29 07:56:45
990,Richy,Milburn,rmilburnrh@hatena.ne.jp,$10000.00,422624073,2024-06-06 07:28:16
991,Louie,Lyndon,llyndonri@friendfeed.com,$10000.00,580063232,2024-01-26 08:21:48
992,Glyn,Brugsma,gbrugsmarj@shutterfly.com,$10000.00,331803454,2024-11-24 22:22:38
993,Bevin,Meale,bmealerk@fastcompany.com,$10000.00,131311943,2024-01-04 15:21:29
994,Mordecai,Coggeshall,mcoggeshallrl@chicagotribune.com,$10000.00,696744767,2024-12-17 06:56:40
995,Eloisa,Ovize,eovizerm@linkedin.com,$10000.00,391955383,2025-02-26 23:03:57
996,Leslie,Sandars,lsandarsrn@mediafire.com,$10000.00,411239494,2024-06-07 18:48:32
997,Dasie,Jellett,djellettro@google.es,$10000.00,070344691,2024-09-20 17:13:30
998,Jody,Gleave,jgleaverp@disqus.com,$10000.00,849981784,2025-03-24 03:03:23
999,Winfield,Hearnaman,whearnamanrq@nhs.uk,$10000.00,782782821,2024-06-04 12:09:46
1000,Yettie,Dowley,ydowleyrr@chron.com,$10000.00,745452731,2025-02-09 16:00:10
